{"stats":{"minecraft:killed_by":{"minecraft:player":2,"minecraft:cave_spider":1,"minecraft:skeleton":2},"minecraft:broken":{"minecraft:stone_pickaxe":1},"minecraft:used":{"minecraft:stone_pickaxe":170,"minecraft:baked_potato":1,"minecraft:oak_planks":18,"minecraft:shield":15,"minecraft:wooden_pickaxe":39,"minecraft:iron_chestplate":1,"minecraft:torch":3,"minecraft:glow_berries":66,"minecraft:crafting_table":3,"minecraft:granite":3,"minecraft:wooden_axe":34,"minecraft:iron_axe":15,"minecraft:iron_helmet":1,"minecraft:iron_boots":1,"minecraft:gravel":1,"minecraft:cobblestone":48,"minecraft:bow":2,"minecraft:furnace":2,"minecraft:andesite":4,"minecraft:iron_leggings":1},"minecraft:mined":{"minecraft:clay":5,"minecraft:crafting_table":1,"minecraft:cave_vines_plant":2,"minecraft:granite":3,"minecraft:dead_bush":12,"minecraft:copper_ore":3,"minecraft:tall_grass":3,"minecraft:oak_planks":21,"minecraft:coarse_dirt":1,"minecraft:furnace":1,"minecraft:iron_ore":35,"minecraft:andesite":4,"minecraft:grass":1,"minecraft:coal_ore":14,"minecraft:oak_log":10,"minecraft:cave_vines":9,"minecraft:deepslate_iron_ore":3,"minecraft:dirt":1,"minecraft:stone":128,"minecraft:oak_leaves":2,"minecraft:deepslate":1},"minecraft:crafted":{"minecraft:oak_planks":16,"minecraft:crafting_table":2,"minecraft:iron_helmet":1,"minecraft:wooden_pickaxe":1,"minecraft:furnace":1,"minecraft:iron_boots":1,"minecraft:iron_chestplate":1,"minecraft:shield":1,"minecraft:iron_axe":1,"minecraft:stick":8,"minecraft:iron_pickaxe":1,"minecraft:iron_ingot":31,"minecraft:stone_pickaxe":1,"minecraft:wooden_axe":1,"minecraft:iron_leggings":1,"minecraft:torch":8},"minecraft:custom":{"minecraft:interact_with_furnace":25,"minecraft:mob_kills":6,"minecraft:interact_with_crafting_table":24,"minecraft:leave_game":1,"minecraft:time_since_death":27509,"minecraft:climb_one_cm":569,"minecraft:time_since_rest":27534,"minecraft:sprint_one_cm":226764,"minecraft:damage_taken":1773,"minecraft:walk_one_cm":215310,"minecraft:damage_blocked_by_shield":825,"minecraft:drop":32,"minecraft:damage_dealt":1319,"minecraft:fly_one_cm":119019,"minecraft:swim_one_cm":18840,"minecraft:player_kills":2,"minecraft:crouch_one_cm":5473,"minecraft:play_time":55859,"minecraft:deaths":5,"minecraft:sneak_time":2435,"minecraft:walk_under_water_one_cm":4799,"minecraft:jump":844,"minecraft:walk_on_water_one_cm":5472,"minecraft:total_world_time":55859,"minecraft:fall_one_cm":28104},"minecraft:picked_up":{"minecraft:wooden_axe":3,"minecraft:crafting_table":1,"minecraft:clay_ball":20,"minecraft:andesite":4,"minecraft:wooden_pickaxe":1,"minecraft:oak_log":8,"minecraft:dirt":1,"minecraft:string":4,"minecraft:raw_copper":12,"minecraft:bow":2,"minecraft:cobbled_deepslate":1,"minecraft:stone_pickaxe":6,"minecraft:oak_planks":77,"minecraft:furnace":1,"minecraft:stick":13,"minecraft:raw_iron":42,"minecraft:gravel":1,"minecraft:spider_eye":3,"minecraft:arrow":6,"minecraft:rotten_flesh":1,"minecraft:granite":3,"minecraft:baked_potato":1,"minecraft:glow_berries":40,"minecraft:coal":27,"minecraft:cobblestone":228},"minecraft:dropped":{"minecraft:raw_copper":12,"minecraft:clay_ball":20},"minecraft:killed":{"minecraft:cave_spider":2,"minecraft:skeleton":2,"minecraft:zombie":1}},"DataVersion":3465}