{"stats":{"minecraft:mined":{"minecraft:tuff":13,"minecraft:white_bed":3,"minecraft:granite":15,"minecraft:grass_block":28,"minecraft:kelp":2,"minecraft:hay_block":28,"minecraft:tall_seagrass":1,"minecraft:carrots":1,"minecraft:furnace":3,"minecraft:iron_ore":4,"minecraft:andesite":17,"minecraft:deepslate_lapis_ore":6,"minecraft:deepslate_iron_ore":10,"minecraft:dirt_path":1,"minecraft:oak_stairs":1,"minecraft:stripped_oak_log":8,"minecraft:stone":251,"minecraft:deepslate_redstone_ore":5,"minecraft:kelp_plant":1,"minecraft:powder_snow":28,"minecraft:oak_fence":26,"minecraft:crafting_table":10,"minecraft:torch":2,"minecraft:tall_grass":51,"minecraft:copper_ore":23,"minecraft:cobblestone":19,"minecraft:lapis_ore":6,"minecraft:deepslate_gold_ore":4,"minecraft:sugar_cane":11,"minecraft:diorite":16,"minecraft:deepslate_copper_ore":1,"minecraft:wheat":2,"minecraft:birch_leaves":4,"minecraft:grass":85,"minecraft:coal_ore":102,"minecraft:oak_log":47,"minecraft:oak_fence_gate":1,"minecraft:gravel":38,"minecraft:sand":131,"minecraft:dirt":56,"minecraft:oak_leaves":9,"minecraft:deepslate":22},"minecraft:picked_up":{"minecraft:crafting_table":12,"minecraft:wheat":1,"minecraft:chicken":13,"minecraft:oak_stairs":1,"minecraft:shield":4,"minecraft:string":30,"minecraft:raw_copper":93,"minecraft:iron_axe":2,"minecraft:cobbled_deepslate":43,"minecraft:beef":41,"minecraft:poppy":2,"minecraft:iron_pickaxe":3,"minecraft:sugar_cane":22,"minecraft:birch_sapling":1,"minecraft:egg":12,"minecraft:furnace":7,"minecraft:stick":20,"minecraft:raw_iron":30,"minecraft:oak_fence":26,"minecraft:torch":116,"minecraft:porkchop":104,"pointblank:gunmetal_nugget":41,"minecraft:diorite":26,"minecraft:carrot":3,"minecraft:redstone":21,"minecraft:rotten_flesh":20,"minecraft:arrow":7,"minecraft:hay_block":98,"minecraft:glow_berries":12,"minecraft:mutton":46,"minecraft:cobblestone":424,"minecraft:white_wool":78,"minecraft:stripped_oak_log":8,"minecraft:feather":16,"minecraft:andesite":17,"minecraft:leather":39,"minecraft:potato":175,"minecraft:flint":4,"minecraft:tuff":13,"minecraft:oak_log":44,"minecraft:chainmail_chestplate":5,"minecraft:gunpowder":11,"minecraft:lapis_lazuli":84,"minecraft:dirt":259,"minecraft:name_tag":4,"minecraft:cooked_mutton":16,"minecraft:bone":37,"minecraft:kelp":2,"minecraft:wheat_seeds":33,"minecraft:raw_gold":4,"minecraft:stone_pickaxe":3,"minecraft:iron_ingot":22,"minecraft:oak_fence_gate":1,"minecraft:cooked_porkchop":5,"minecraft:gravel":340,"minecraft:sand":129,"minecraft:white_bed":5,"minecraft:pumpkin_seeds":16,"minecraft:stone_axe":8,"minecraft:granite":15,"minecraft:gray_wool":1,"minecraft:emerald":18,"minecraft:black_wool":2,"minecraft:coal":133},"minecraft:killed_by":{"minecraft:creeper":2,"minecraft:spider":1,"minecraft:iron_golem":2,"minecraft:skeleton":12,"minecraft:zombie":12},"minecraft:custom":{"minecraft:mob_kills":80,"minecraft:animals_bred":1,"minecraft:interact_with_crafting_table":46,"minecraft:bell_ring":1,"minecraft:leave_game":8,"minecraft:time_since_death":728,"minecraft:sprint_one_cm":817734,"minecraft:walk_one_cm":645762,"minecraft:damage_blocked_by_shield":240,"minecraft:drop":61,"minecraft:talked_to_villager":6,"minecraft:play_time":257266,"minecraft:deaths":32,"minecraft:sneak_time":13784,"minecraft:walk_under_water_one_cm":25772,"minecraft:boat_one_cm":52336,"minecraft:jump":4552,"minecraft:interact_with_blast_furnace":1,"minecraft:walk_on_water_one_cm":16969,"minecraft:total_world_time":257266,"minecraft:interact_with_furnace":50,"minecraft:sleep_in_bed":13,"minecraft:time_since_rest":755,"minecraft:damage_taken":9513,"minecraft:damage_dealt":9509,"minecraft:swim_one_cm":61134,"minecraft:fly_one_cm":967164,"minecraft:open_chest":101,"minecraft:crouch_one_cm":30826,"minecraft:fall_one_cm":138540},"minecraft:used":{"minecraft:oak_fence":61,"minecraft:stone_shovel":131,"minecraft:poppy":1,"minecraft:chest":1,"minecraft:shield":3,"minecraft:rotten_flesh":2,"minecraft:torch":15,"minecraft:dirt":85,"minecraft:chainmail_chestplate":3,"minecraft:carrot":1,"minecraft:oak_fence_gate":2,"minecraft:iron_axe":143,"minecraft:oak_stairs":1,"minecraft:birch_sapling":1,"minecraft:oak_sapling":2,"minecraft:furnace":4,"minecraft:egg":6,"minecraft:potato":13,"minecraft:wheat_seeds":2,"minecraft:cooked_mutton":4,"minecraft:water_bucket":20,"minecraft:stone_pickaxe":426,"minecraft:wooden_pickaxe":117,"minecraft:sugar_cane":17,"minecraft:glow_berries":3,"minecraft:crafting_table":11,"minecraft:white_bed":3,"minecraft:black_wool":2,"minecraft:iron_pickaxe":37,"minecraft:stone_axe":167,"minecraft:cobblestone":42,"minecraft:cooked_porkchop":18,"minecraft:bucket":21,"minecraft:gray_wool":1,"minecraft:dandelion":1},"minecraft:dropped":{"minecraft:iron_ingot":1,"minecraft:wheat_seeds":14,"minecraft:cooked_porkchop":13,"minecraft:cobblestone":2,"minecraft:granite":15,"minecraft:dirt":12,"minecraft:string":1,"minecraft:gravel":34,"minecraft:kelp":2,"minecraft:rotten_flesh":3,"minecraft:poppy":1,"minecraft:shield":2,"minecraft:andesite":3},"minecraft:killed":{"minecraft:spider":1,"minecraft:chicken":8,"minecraft:pig":19,"minecraft:iron_golem":2,"minecraft:creeper":3,"minecraft:sheep":27,"minecraft:goat":2,"minecraft:zombie":2,"minecraft:cow":7},"minecraft:broken":{"minecraft:wooden_pickaxe":2,"minecraft:stone_pickaxe":3,"minecraft:stone_axe":1,"minecraft:stone_shovel":1},"minecraft:crafted":{"minecraft:oak_planks":208,"minecraft:stone_shovel":1,"minecraft:furnace":2,"minecraft:cooked_mutton":31,"minecraft:glass":14,"minecraft:iron_axe":1,"minecraft:stone_pickaxe":8,"minecraft:chest":1,"minecraft:oak_fence":36,"minecraft:wheat":126,"minecraft:cooked_beef":13,"minecraft:cooked_porkchop":36,"minecraft:crafting_table":3,"pointblank:gunmetal_ingot":1,"minecraft:wooden_pickaxe":2,"minecraft:bucket":1,"minecraft:stone_axe":3,"minecraft:bread":24,"minecraft:air":0,"minecraft:oak_fence_gate":1,"minecraft:shield":3,"minecraft:stick":76,"minecraft:iron_pickaxe":2,"minecraft:white_bed":1,"minecraft:torch":60}},"DataVersion":3465}