{"stats":{"minecraft:dropped":{"minecraft:wheat_seeds":2,"minecraft:rotten_flesh":1,"minecraft:redstone":1},"minecraft:killed":{"minecraft:sheep":6,"minecraft:pig":4,"minecraft:turtle":2,"minecraft:cow":9},"minecraft:picked_up":{"minecraft:seagrass":3,"minecraft:crafting_table":3,"minecraft:leather":8,"minecraft:porkchop":6,"minecraft:oak_log":7,"minecraft:white_bed":1,"minecraft:dirt":22,"minecraft:wheat_seeds":2,"minecraft:beef":18,"minecraft:oak_sapling":1,"minecraft:mutton":8,"minecraft:coal":24,"minecraft:white_wool":5,"minecraft:egg":1,"minecraft:cobblestone":18,"minecraft:furnace":1},"minecraft:custom":{"minecraft:time_since_rest":3634,"minecraft:interact_with_furnace":8,"minecraft:sprint_one_cm":57941,"minecraft:damage_taken":150,"minecraft:walk_one_cm":36477,"minecraft:mob_kills":21,"minecraft:drop":4,"minecraft:damage_dealt":2451,"minecraft:swim_one_cm":9192,"minecraft:interact_with_crafting_table":10,"minecraft:fly_one_cm":145306,"minecraft:open_chest":2,"minecraft:play_time":15673,"minecraft:walk_under_water_one_cm":101,"minecraft:jump":557,"minecraft:walk_on_water_one_cm":1714,"minecraft:leave_game":2,"minecraft:time_since_death":15673,"minecraft:sleep_in_bed":1,"minecraft:total_world_time":15673,"minecraft:fall_one_cm":21852},"minecraft:mined":{"minecraft:white_bed":1,"minecraft:furnace":1,"minecraft:crafting_table":3,"minecraft:grass":13,"minecraft:oak_log":7,"minecraft:grass_block":8,"minecraft:coal_ore":13,"minecraft:dirt":14,"minecraft:stone":18,"minecraft:oak_leaves":1},"minecraft:used":{"minecraft:bread":1,"minecraft:stone_pickaxe":30,"minecraft:wooden_pickaxe":16,"minecraft:stone_axe":55,"minecraft:crafting_table":3,"minecraft:oak_sapling":1,"minecraft:furnace":1,"minecraft:white_bed":1,"minecraft:egg":1,"minecraft:cooked_beef":3},"minecraft:crafted":{"minecraft:cooked_beef":11,"minecraft:oak_planks":28,"minecraft:crafting_table":2,"minecraft:stick":8,"minecraft:wooden_pickaxe":1,"minecraft:stone_pickaxe":1,"minecraft:furnace":1,"minecraft:white_bed":1,"minecraft:stone_axe":1,"minecraft:air":0}},"DataVersion":3465}