{"stats":{"minecraft:broken":{"minecraft:stone_pickaxe":3},"minecraft:killed_by":{"minecraft:player":2,"minecraft:warden":3,"minecraft:cave_spider":3,"minecraft:skeleton":9,"minecraft:zombie":2},"minecraft:used":{"minecraft:red_sand":1,"minecraft:stone_sword":16,"minecraft:chest":1,"minecraft:shield":35,"minecraft:rotten_flesh":8,"minecraft:iron_chestplate":2,"minecraft:torch":17,"minecraft:dirt":3,"minecraft:granite":4,"minecraft:wooden_axe":34,"minecraft:iron_axe":25,"minecraft:iron_helmet":1,"minecraft:iron_boots":1,"minecraft:bow":2,"minecraft:furnace":2,"minecraft:oak_sapling":1,"minecraft:cobbled_deepslate":21,"minecraft:orange_terracotta":1,"minecraft:iron_leggings":1,"minecraft:light_blue_carpet":1,"minecraft:oak_planks":20,"minecraft:stone_pickaxe":553,"minecraft:baked_potato":1,"minecraft:wooden_pickaxe":39,"minecraft:glow_berries":78,"minecraft:rail":1,"minecraft:terracotta":2,"minecraft:yellow_terracotta":2,"minecraft:crafting_table":3,"minecraft:cobbled_deepslate_stairs":1,"minecraft:iron_pickaxe":19,"minecraft:gravel":1,"minecraft:stone_axe":47,"minecraft:cobblestone":81,"minecraft:andesite":12,"minecraft:coarse_dirt":2,"minecraft:soul_torch":1,"minecraft:chainmail_leggings":1},"minecraft:crafted":{"minecraft:oak_planks":92,"minecraft:furnace":1,"minecraft:iron_boots":1,"minecraft:iron_axe":2,"minecraft:stone_pickaxe":5,"minecraft:chest":1,"minecraft:crafting_table":2,"minecraft:wooden_pickaxe":1,"minecraft:iron_helmet":1,"minecraft:stone_axe":1,"minecraft:iron_chestplate":2,"minecraft:shield":3,"minecraft:stick":24,"minecraft:iron_ingot":50,"minecraft:iron_pickaxe":2,"minecraft:wooden_axe":1,"minecraft:iron_leggings":1,"minecraft:torch":52},"minecraft:mined":{"minecraft:yellow_terracotta":2,"minecraft:light_blue_wool":1,"minecraft:cobbled_deepslate_stairs":1,"minecraft:sculk_vein":4,"minecraft:light_blue_carpet":1,"minecraft:cave_vines_plant":2,"minecraft:granite":4,"minecraft:red_sand":5,"minecraft:grass_block":1,"minecraft:furnace":1,"minecraft:iron_ore":54,"minecraft:andesite":12,"minecraft:sculk_shrieker":2,"minecraft:cave_vines":9,"minecraft:deepslate_iron_ore":5,"minecraft:stone":199,"minecraft:soul_wall_torch":1,"minecraft:soul_fire":13,"minecraft:clay":5,"minecraft:crafting_table":1,"minecraft:dead_bush":66,"minecraft:sculk_sensor":20,"minecraft:copper_ore":3,"minecraft:tall_grass":3,"minecraft:cobblestone":7,"minecraft:oak_planks":23,"minecraft:sculk":169,"minecraft:skeleton_skull":1,"minecraft:gray_wool":4,"minecraft:coarse_dirt":3,"minecraft:grass":1,"minecraft:coal_ore":52,"minecraft:oak_log":29,"minecraft:gravel":1,"minecraft:dirt":4,"minecraft:terracotta":3,"minecraft:oak_leaves":10,"minecraft:deepslate":58},"minecraft:custom":{"minecraft:mob_kills":21,"minecraft:interact_with_crafting_table":44,"minecraft:leave_game":2,"minecraft:time_since_death":6638,"minecraft:climb_one_cm":9720,"minecraft:sprint_one_cm":710799,"minecraft:walk_one_cm":546536,"minecraft:damage_blocked_by_shield":1920,"minecraft:drop":49,"minecraft:play_time":246316,"minecraft:deaths":24,"minecraft:sneak_time":69898,"minecraft:walk_under_water_one_cm":4799,"minecraft:jump":3813,"minecraft:walk_on_water_one_cm":5887,"minecraft:total_world_time":246316,"minecraft:interact_with_furnace":43,"minecraft:sleep_in_bed":3,"minecraft:time_since_rest":7207,"minecraft:damage_taken":6917,"minecraft:damage_dealt":7029,"minecraft:player_kills":2,"minecraft:fly_one_cm":402339,"minecraft:swim_one_cm":18840,"minecraft:open_chest":50,"minecraft:crouch_one_cm":315705,"minecraft:fall_one_cm":105743},"minecraft:picked_up":{"minecraft:wooden_axe":3,"minecraft:crafting_table":1,"minecraft:coarse_dirt":2,"minecraft:clay_ball":20,"minecraft:wooden_pickaxe":1,"minecraft:enchanted_book":1,"minecraft:potion":3,"minecraft:shield":2,"minecraft:string":4,"minecraft:raw_copper":12,"minecraft:compass":1,"minecraft:experience_bottle":4,"minecraft:diamond_leggings":1,"minecraft:red_sand":5,"minecraft:candle":5,"minecraft:cobbled_deepslate":63,"minecraft:iron_pickaxe":3,"minecraft:furnace":1,"minecraft:stick":78,"minecraft:raw_iron":63,"minecraft:oak_fence":3,"minecraft:torch":33,"minecraft:stone_sword":4,"minecraft:arrow":8,"minecraft:rotten_flesh":18,"minecraft:yellow_terracotta":2,"minecraft:saddle":1,"minecraft:glow_berries":51,"minecraft:skeleton_skull":2,"minecraft:rail":2,"minecraft:cobblestone":391,"minecraft:andesite":12,"minecraft:flint":3,"minecraft:oak_log":27,"minecraft:cobbled_deepslate_stairs":1,"minecraft:dirt":4,"minecraft:orange_terracotta":1,"minecraft:bone":13,"minecraft:bow":2,"minecraft:stone_pickaxe":13,"minecraft:oak_planks":100,"minecraft:sculk_catalyst":1,"minecraft:gravel":1,"minecraft:soul_torch":13,"minecraft:spider_eye":4,"minecraft:stone_axe":3,"minecraft:light_blue_carpet":1,"minecraft:chainmail_leggings":1,"minecraft:granite":4,"minecraft:gray_wool":3,"minecraft:terracotta":2,"minecraft:baked_potato":1,"minecraft:oak_sapling":2,"minecraft:coal":91},"minecraft:dropped":{"minecraft:gray_wool":3,"minecraft:stone_axe":1,"minecraft:cobbled_deepslate":11,"minecraft:raw_copper":12,"minecraft:clay_ball":20,"minecraft:echo_shard":2,"minecraft:stone_pickaxe":2},"minecraft:killed":{"minecraft:cave_spider":2,"minecraft:spider":1,"minecraft:skeleton":3,"minecraft:warden":1,"minecraft:zombie":12}},"DataVersion":3465}