{"stats":{"minecraft:broken":{"minecraft:stone_pickaxe":1},"minecraft:killed_by":{"minecraft:player":2,"minecraft:creeper":1,"minecraft:enderman":1,"minecraft:cave_spider":3,"minecraft:skeleton":7,"minecraft:zombie":2},"minecraft:used":{"minecraft:moss_block":1,"minecraft:moss_carpet":1,"minecraft:red_sand":9,"minecraft:diamond_hoe":10,"minecraft:shield":13,"minecraft:rotten_flesh":3,"minecraft:iron_chestplate":1,"minecraft:oak_door":2,"minecraft:tuff":4,"minecraft:granite":4,"minecraft:wooden_axe":9,"minecraft:iron_axe":20,"minecraft:bow":3,"minecraft:furnace":2,"minecraft:cobbled_deepslate":18,"minecraft:water_bucket":20,"minecraft:diorite":2,"minecraft:stone_pickaxe":190,"minecraft:oak_planks":2,"minecraft:wooden_pickaxe":6,"minecraft:clay":6,"minecraft:glow_berries":74,"minecraft:crafting_table":5,"minecraft:iron_pickaxe":76,"minecraft:gravel":1,"minecraft:cobblestone":7,"minecraft:andesite":2,"minecraft:bucket":21,"minecraft:gray_wool":5,"minecraft:bone_meal":18,"minecraft:soul_torch":4},"minecraft:crafted":{"minecraft:oak_planks":60,"minecraft:furnace":2,"minecraft:bone_meal":24,"minecraft:iron_axe":1,"minecraft:stone_pickaxe":2,"minecraft:crafting_table":3,"minecraft:wooden_pickaxe":2,"minecraft:bucket":1,"minecraft:air":0,"minecraft:iron_chestplate":1,"minecraft:shield":1,"minecraft:stick":4,"minecraft:iron_pickaxe":1,"minecraft:iron_ingot":21,"minecraft:wooden_axe":1,"minecraft:clay":22},"minecraft:mined":{"minecraft:tuff":9,"minecraft:sculk_vein":5,"minecraft:glow_lichen":1,"minecraft:cave_vines_plant":6,"minecraft:granite":6,"minecraft:red_sand":9,"minecraft:moss_block":2,"minecraft:furnace":2,"minecraft:iron_ore":42,"minecraft:andesite":2,"minecraft:sculk_shrieker":5,"minecraft:cave_vines":6,"minecraft:deepslate_iron_ore":21,"minecraft:azalea_leaves":1,"minecraft:stone":48,"minecraft:flowering_azalea":1,"minecraft:crafting_table":4,"minecraft:clay":26,"minecraft:calcite":5,"minecraft:chest":3,"minecraft:dead_bush":16,"minecraft:sculk_sensor":1,"minecraft:tall_grass":3,"minecraft:cobblestone":4,"minecraft:oak_planks":13,"minecraft:sculk":6,"minecraft:diorite":2,"minecraft:amethyst_block":4,"minecraft:gray_wool":9,"minecraft:grass":1,"minecraft:oak_log":11,"minecraft:coal_ore":7,"minecraft:gravel":3,"minecraft:dirt":4,"minecraft:smooth_basalt":5,"minecraft:deepslate":97},"minecraft:custom":{"minecraft:mob_kills":13,"minecraft:interact_with_crafting_table":18,"minecraft:leave_game":1,"minecraft:time_since_death":30736,"minecraft:climb_one_cm":3945,"minecraft:sprint_one_cm":392733,"minecraft:walk_one_cm":231877,"minecraft:damage_blocked_by_shield":840,"minecraft:drop":34,"minecraft:play_time":104566,"minecraft:deaths":19,"minecraft:sneak_time":10546,"minecraft:walk_under_water_one_cm":14936,"minecraft:jump":2404,"minecraft:walk_on_water_one_cm":24470,"minecraft:total_world_time":104566,"minecraft:interact_with_furnace":17,"minecraft:time_since_rest":30761,"minecraft:damage_taken":5866,"minecraft:damage_dealt":2298,"minecraft:fly_one_cm":424707,"minecraft:swim_one_cm":30197,"minecraft:player_kills":2,"minecraft:crouch_one_cm":39349,"minecraft:fall_one_cm":129361},"minecraft:picked_up":{"minecraft:wooden_axe":2,"minecraft:crafting_table":6,"minecraft:iron_chestplate":1,"minecraft:chest_minecart":2,"minecraft:clay_ball":124,"minecraft:wooden_pickaxe":3,"minecraft:potion":2,"minecraft:enchanted_book":3,"minecraft:shield":1,"minecraft:amethyst_block":4,"minecraft:moss_carpet":1,"minecraft:string":4,"minecraft:raw_copper":12,"minecraft:iron_axe":1,"minecraft:experience_bottle":2,"minecraft:sculk_shrieker":2,"minecraft:red_sand":9,"minecraft:cobbled_deepslate":112,"minecraft:music_disc_otherside":1,"minecraft:echo_shard":2,"minecraft:calcite":7,"minecraft:azalea":2,"minecraft:iron_pickaxe":1,"minecraft:chest":3,"minecraft:diamond_hoe":1,"minecraft:furnace":3,"minecraft:stick":58,"minecraft:raw_iron":86,"minecraft:oak_door":3,"minecraft:oak_fence":6,"minecraft:diorite":2,"minecraft:arrow":9,"minecraft:rotten_flesh":3,"minecraft:beetroot_seeds":6,"minecraft:ward_armor_trim_smithing_template":1,"minecraft:glow_berries":61,"minecraft:rail":1,"minecraft:cobblestone":72,"minecraft:water_bucket":1,"minecraft:andesite":2,"minecraft:tuff":9,"minecraft:oak_log":15,"minecraft:gunpowder":4,"minecraft:sculk_vein":1,"minecraft:bone":12,"minecraft:bow":4,"minecraft:stone_pickaxe":5,"minecraft:moss_block":7,"minecraft:oak_planks":106,"minecraft:flowering_azalea":2,"minecraft:book":6,"minecraft:smooth_basalt":5,"minecraft:sculk":6,"minecraft:gravel":2,"minecraft:amethyst_shard":14,"minecraft:soul_torch":15,"minecraft:spider_eye":2,"minecraft:sculk_sensor":9,"minecraft:diamond":1,"minecraft:granite":12,"minecraft:gray_wool":11,"minecraft:coal":11},"minecraft:dropped":{"minecraft:clay":16,"minecraft:moss_block":2,"minecraft:diamond":1,"minecraft:amethyst_block":4,"minecraft:gray_wool":6,"minecraft:wooden_axe":2,"minecraft:flowering_azalea":1,"minecraft:bone":2,"minecraft:smooth_basalt":5,"minecraft:cobbled_deepslate":84,"minecraft:raw_copper":12,"minecraft:tuff":5,"minecraft:clay_ball":21,"minecraft:oak_planks":48,"minecraft:azalea":1,"minecraft:arrow":2,"minecraft:bow":1,"minecraft:wooden_pickaxe":2,"minecraft:stone_pickaxe":3,"minecraft:calcite":7},"minecraft:killed":{"minecraft:cave_spider":1,"minecraft:spider":1,"minecraft:skeleton":5,"minecraft:creeper":2,"minecraft:zombie":4}},"DataVersion":3465}