{"stats":{"minecraft:broken":{"minecraft:wooden_pickaxe":1},"minecraft:custom":{"minecraft:interact_with_furnace":23,"minecraft:mob_kills":68,"minecraft:interact_with_crafting_table":18,"minecraft:leave_game":18,"minecraft:time_since_death":36600,"minecraft:sleep_in_bed":11,"minecraft:time_since_rest":837,"minecraft:sprint_one_cm":323865,"minecraft:damage_taken":3590,"minecraft:walk_one_cm":166472,"minecraft:damage_blocked_by_shield":820,"minecraft:drop":12,"minecraft:damage_dealt":7372,"minecraft:swim_one_cm":20467,"minecraft:fly_one_cm":827543,"minecraft:open_chest":16,"minecraft:crouch_one_cm":8041,"minecraft:play_time":122439,"minecraft:deaths":7,"minecraft:sneak_time":3274,"minecraft:walk_under_water_one_cm":4376,"minecraft:jump":3643,"minecraft:walk_on_water_one_cm":7715,"minecraft:total_world_time":122439,"minecraft:fall_one_cm":135677},"minecraft:crafted":{"minecraft:cooked_beef":7,"minecraft:cooked_porkchop":5,"minecraft:crafting_table":1,"minecraft:spruce_planks":48,"minecraft:wooden_pickaxe":1,"minecraft:furnace":1,"minecraft:cooked_mutton":4,"minecraft:air":0,"minecraft:shield":1,"minecraft:iron_axe":2,"minecraft:stick":16,"minecraft:iron_ingot":23,"minecraft:iron_pickaxe":1,"minecraft:stone_pickaxe":2,"minecraft:chest":1,"minecraft:white_bed":1,"minecraft:torch":8},"minecraft:mined":{"minecraft:white_bed":3,"minecraft:mossy_cobblestone":1,"minecraft:crafting_table":4,"minecraft:cornflower":1,"minecraft:torch":1,"minecraft:grass_block":7,"minecraft:chest":1,"minecraft:tall_grass":16,"minecraft:cobblestone":13,"minecraft:spruce_leaves":5,"minecraft:wall_torch":3,"minecraft:hay_block":26,"minecraft:furnace":3,"minecraft:iron_ore":23,"minecraft:fire":44,"minecraft:spruce_log":12,"minecraft:grass":67,"minecraft:coal_ore":31,"minecraft:dirt":18,"minecraft:stone":64,"minecraft:oak_leaves":3},"minecraft:killed":{"minecraft:pig":15,"minecraft:zombie_villager":1,"minecraft:spider":1,"minecraft:skeleton":1,"minecraft:sheep":11,"minecraft:zombie":14,"minecraft:cow":20},"minecraft:killed_by":{"minecraft:zombie_villager":1,"minecraft:skeleton":1,"minecraft:zombie":4},"minecraft:used":{"minecraft:cooked_mutton":11,"minecraft:flint_and_steel":58,"minecraft:stone_pickaxe":54,"minecraft:wooden_pickaxe":46,"minecraft:chest":2,"minecraft:shield":51,"minecraft:rotten_flesh":9,"minecraft:torch":7,"minecraft:mossy_cobblestone":1,"minecraft:dirt":57,"minecraft:mutton":1,"minecraft:crafting_table":4,"minecraft:white_bed":4,"minecraft:cornflower":1,"minecraft:apple":1,"minecraft:birch_sapling":1,"minecraft:iron_axe":188,"minecraft:iron_pickaxe":70,"minecraft:cobblestone":25,"minecraft:beef":2,"minecraft:furnace":3,"minecraft:porkchop":3,"minecraft:cooked_porkchop":5,"minecraft:egg":2,"minecraft:cooked_beef":8},"minecraft:dropped":{"minecraft:wheat_seeds":26,"minecraft:rotten_flesh":9,"minecraft:leather":1,"minecraft:flint_and_steel":1,"minecraft:gunpowder":2,"minecraft:stone_pickaxe":1,"minecraft:bone":4},"minecraft:picked_up":{"minecraft:crafting_table":7,"minecraft:cooked_beef":114,"minecraft:leather":78,"minecraft:wooden_pickaxe":1,"minecraft:potato":14,"minecraft:shield":3,"minecraft:gunpowder":4,"minecraft:cornflower":1,"minecraft:dirt":91,"minecraft:iron_axe":3,"minecraft:flint_and_steel":3,"minecraft:cooked_mutton":20,"minecraft:bone":10,"minecraft:apple":4,"minecraft:wheat_seeds":37,"minecraft:spruce_planks":68,"minecraft:stone_pickaxe":3,"minecraft:iron_ingot":2,"minecraft:beef":29,"minecraft:iron_pickaxe":2,"minecraft:birch_sapling":1,"minecraft:chest":1,"minecraft:egg":2,"minecraft:furnace":5,"minecraft:stick":9,"minecraft:raw_iron":23,"minecraft:cooked_porkchop":31,"minecraft:torch":14,"minecraft:fire_charge":2,"minecraft:porkchop":45,"minecraft:white_bed":6,"minecraft:spruce_log":12,"minecraft:mossy_cobblestone":1,"minecraft:arrow":1,"minecraft:rotten_flesh":34,"minecraft:hay_block":52,"minecraft:golden_apple":1,"minecraft:emerald":2,"minecraft:bread":6,"minecraft:obsidian":4,"minecraft:mutton":21,"minecraft:coal":87,"minecraft:white_wool":31,"minecraft:cobblestone":136}},"DataVersion":3465}