{"stats":{"minecraft:killed_by":{"minecraft:player":3,"minecraft:piglin":1,"minecraft:skeleton":3,"minecraft:zombie":10},"minecraft:crafted":{"minecraft:oak_planks":244,"minecraft:cobblestone_slab":12,"minecraft:iron_nugget":18,"minecraft:furnace":1,"minecraft:bone_meal":42,"minecraft:oak_trapdoor":10,"minecraft:flint_and_steel":1,"minecraft:hopper":3,"minecraft:iron_axe":1,"minecraft:iron_hoe":1,"minecraft:stone_pickaxe":2,"minecraft:chest":4,"minecraft:wheat":63,"minecraft:oak_slab":12,"minecraft:crafting_table":5,"pointblank:gunmetal_ingot":3,"minecraft:wooden_pickaxe":1,"minecraft:bucket":2,"minecraft:stone_axe":1,"minecraft:air":0,"minecraft:bread":35,"minecraft:stick":16,"minecraft:iron_ingot":7,"minecraft:iron_pickaxe":2,"minecraft:wooden_axe":1,"minecraft:oak_stairs":44,"minecraft:iron_shovel":1},"minecraft:custom":{"minecraft:mob_kills":49,"minecraft:animals_bred":29,"minecraft:inspect_hopper":2,"minecraft:interact_with_crafting_table":39,"minecraft:leave_game":4,"minecraft:time_since_death":4652,"minecraft:climb_one_cm":32,"minecraft:sprint_one_cm":512913,"minecraft:walk_one_cm":462441,"minecraft:drop":49,"minecraft:talked_to_villager":1,"minecraft:play_time":165626,"minecraft:deaths":18,"minecraft:sneak_time":12367,"minecraft:walk_under_water_one_cm":3474,"minecraft:jump":3998,"minecraft:walk_on_water_one_cm":18713,"minecraft:total_world_time":165626,"minecraft:interact_with_furnace":22,"minecraft:sleep_in_bed":9,"minecraft:time_since_rest":4715,"minecraft:damage_taken":7173,"minecraft:damage_dealt":4614,"minecraft:swim_one_cm":22129,"minecraft:fly_one_cm":886042,"minecraft:open_chest":73,"minecraft:crouch_one_cm":34385,"minecraft:fall_one_cm":131316},"minecraft:used":{"minecraft:oak_trapdoor":8,"minecraft:oak_fence":2,"minecraft:iron_shovel":261,"minecraft:flint_and_steel":10,"minecraft:poppy":1,"minecraft:chest":3,"minecraft:iron_sword":14,"minecraft:rotten_flesh":22,"minecraft:netherrack":25,"minecraft:soul_sand":9,"minecraft:dirt":138,"minecraft:hopper":6,"minecraft:carrot":102,"minecraft:milk_bucket":1,"minecraft:iron_hoe":178,"minecraft:wooden_axe":10,"minecraft:iron_axe":103,"minecraft:oak_stairs":52,"pointblank:workstation":1,"minecraft:bow":62,"minecraft:beef":6,"minecraft:furnace":1,"minecraft:oak_sapling":1,"minecraft:beetroot_seeds":22,"minecraft:egg":1,"minecraft:potato":30,"minecraft:cobbled_deepslate":23,"minecraft:wheat_seeds":176,"minecraft:water_bucket":20,"minecraft:diorite":16,"minecraft:stone_pickaxe":120,"minecraft:oak_planks":41,"minecraft:wooden_pickaxe":3,"minecraft:cobblestone_slab":8,"minecraft:oak_slab":9,"minecraft:crafting_table":5,"minecraft:apple":1,"minecraft:bread":35,"minecraft:iron_pickaxe":85,"minecraft:gravel":4,"minecraft:stone_axe":66,"minecraft:cobblestone":6,"minecraft:porkchop":9,"minecraft:bucket":22,"minecraft:dandelion":1,"minecraft:bone_meal":119},"minecraft:dropped":{"minecraft:water_bucket":1,"minecraft:oak_slab":8,"minecraft:brown_mushroom":2,"minecraft:wheat_seeds":38,"minecraft:oak_fence":11,"minecraft:leather":1,"minecraft:dirt":442,"minecraft:oak_stairs":16,"minecraft:string":3,"minecraft:gravel":3,"minecraft:iron_nugget":9,"minecraft:beetroot":18,"minecraft:rotten_flesh":2,"minecraft:oak_planks":1,"minecraft:cobblestone_slab":4,"minecraft:beef":4},"minecraft:killed":{"minecraft:spider":4,"minecraft:skeleton":5,"minecraft:pig":3,"minecraft:hoglin":2,"minecraft:creeper":4,"minecraft:sheep":1,"minecraft:zombie":14,"minecraft:cow":14},"minecraft:broken":{"minecraft:iron_shovel":1,"minecraft:chainmail_boots":1,"minecraft:stone_pickaxe":1,"minecraft:leather_boots":1},"minecraft:picked_up":{"minecraft:crafting_table":1,"minecraft:wheat":213,"minecraft:chainmail_boots":1,"minecraft:brown_mushroom":4,"minecraft:oak_stairs":24,"minecraft:string":8,"minecraft:raw_copper":33,"minecraft:iron_axe":3,"minecraft:flint_and_steel":2,"tacz:ammo":26,"minecraft:iron_shovel":3,"minecraft:beetroot":27,"minecraft:cobbled_deepslate":60,"minecraft:bucket":1,"minecraft:beef":25,"minecraft:iron_nugget":45,"minecraft:poppy":1,"minecraft:chest":2,"pointblank:workstation":2,"minecraft:egg":5,"minecraft:raw_iron":49,"minecraft:composter":3,"minecraft:copper_ingot":36,"minecraft:oak_fence":11,"minecraft:porkchop":9,"pointblank:gunmetal_nugget":104,"minecraft:diorite":58,"minecraft:carrot":147,"minecraft:arrow":103,"minecraft:rotten_flesh":63,"minecraft:beetroot_seeds":40,"minecraft:hay_block":7,"minecraft:mutton":2,"minecraft:white_wool":1,"minecraft:cobblestone":265,"minecraft:water_bucket":8,"minecraft:leather":10,"minecraft:potato":66,"minecraft:flint":1,"minecraft:tuff":1,"minecraft:oak_log":177,"minecraft:gunpowder":17,"minecraft:dirt":1157,"minecraft:leather_boots":2,"minecraft:bone":65,"minecraft:apple":1,"minecraft:bow":9,"minecraft:wheat_seeds":373,"minecraft:iron_ingot":33,"minecraft:stone_pickaxe":6,"minecraft:iron_sword":8,"minecraft:oak_planks":12,"minecraft:soul_sand":31,"minecraft:oak_slab":13,"minecraft:quartz":20,"minecraft:dandelion":2,"minecraft:gravel":6,"minecraft:spider_eye":1,"minecraft:iron_hoe":3,"minecraft:stone_axe":2,"tacz:modern_kinetic_gun":8,"minecraft:iron_helmet":2,"minecraft:granite":6,"minecraft:bread":75,"minecraft:coal":4,"minecraft:oak_sapling":1,"minecraft:netherrack":25,"minecraft:hopper":3},"minecraft:mined":{"minecraft:tuff":1,"minecraft:farmland":28,"minecraft:granite":6,"minecraft:grass_block":171,"minecraft:hopper":3,"minecraft:composter":1,"minecraft:hay_block":7,"minecraft:carrots":27,"minecraft:iron_ore":24,"minecraft:fire":18,"minecraft:potatoes":6,"minecraft:deepslate_iron_ore":25,"minecraft:dirt_path":30,"minecraft:oak_stairs":16,"minecraft:stone":24,"minecraft:oak_slab":9,"minecraft:soul_sand":20,"minecraft:crimson_nylium":1,"minecraft:powder_snow":18,"minecraft:oak_fence":6,"minecraft:crafting_table":1,"minecraft:chest":2,"minecraft:tall_grass":15,"minecraft:nether_quartz_ore":10,"minecraft:copper_ore":9,"minecraft:oak_planks":11,"minecraft:diorite":9,"minecraft:wheat":102,"minecraft:grass":72,"minecraft:coal_ore":4,"minecraft:oak_log":84,"minecraft:beetroots":6,"minecraft:gravel":8,"minecraft:dirt":127,"pointblank:workstation":2,"minecraft:netherrack":27,"minecraft:oak_leaves":14,"minecraft:deepslate":39,"minecraft:suspicious_gravel":1}},"DataVersion":3465}