{"stats":{"minecraft:used":{"minecraft:wooden_axe":11,"minecraft:stone_pickaxe":6,"minecraft:bread":2,"minecraft:wooden_pickaxe":28,"minecraft:wooden_shovel":3,"minecraft:leather_boots":1,"minecraft:stone_axe":2,"minecraft:crafting_table":3,"minecraft:furnace":1,"minecraft:cooked_beef":2,"minecraft:light_gray_bed":1},"minecraft:crafted":{"minecraft:cooked_beef":4,"minecraft:light_gray_bed":1,"minecraft:wooden_sword":1,"minecraft:oak_planks":48,"minecraft:wooden_shovel":1,"minecraft:stone_shovel":1,"minecraft:crafting_table":1,"minecraft:stick":24,"minecraft:wooden_pickaxe":1,"minecraft:stone_pickaxe":1,"minecraft:wooden_axe":1,"minecraft:stone_sword":1,"minecraft:furnace":1,"minecraft:stone_axe":1},"minecraft:mined":{"minecraft:andesite":3,"minecraft:crafting_table":3,"minecraft:short_grass":1,"minecraft:grass_block":2,"minecraft:oak_log":13,"minecraft:coal_ore":6,"minecraft:light_gray_bed":1,"minecraft:dirt":1,"minecraft:stone":25,"minecraft:oak_leaves":1},"minecraft:custom":{"minecraft:time_since_rest":4392,"minecraft:interact_with_furnace":2,"minecraft:sprint_one_cm":56571,"minecraft:damage_taken":105,"minecraft:walk_one_cm":37922,"minecraft:mob_kills":8,"minecraft:drop":1,"minecraft:damage_dealt":740,"minecraft:interact_with_crafting_table":5,"minecraft:talked_to_villager":1,"minecraft:fly_one_cm":86503,"minecraft:open_chest":1,"minecraft:play_time":18155,"minecraft:crouch_one_cm":1831,"minecraft:sneak_time":409,"minecraft:jump":345,"minecraft:leave_game":3,"minecraft:time_since_death":18155,"minecraft:sleep_in_bed":2,"minecraft:total_world_time":18155,"minecraft:fall_one_cm":12216},"minecraft:dropped":{"minecraft:oak_planks":48},"minecraft:picked_up":{"minecraft:crafting_table":3,"minecraft:andesite":3,"minecraft:leather":3,"minecraft:porkchop":1,"minecraft:oak_log":13,"minecraft:dirt":3,"minecraft:light_gray_bed":1,"minecraft:beef":10,"minecraft:light_gray_wool":3,"minecraft:coal":6,"minecraft:mutton":5,"minecraft:oak_planks":48,"minecraft:cobblestone":25},"minecraft:killed":{"minecraft:sheep":3,"minecraft:pig":1,"minecraft:cow":4}},"DataVersion":3953}