{"stats":{"minecraft:mined":{"minecraft:diamond_ore":1,"minecraft:large_amethyst_bud":1,"minecraft:tuff":19,"minecraft:deepslate_diamond_ore":4,"minecraft:granite":2,"minecraft:budding_amethyst":1,"minecraft:grass_block":7,"tacz:gun_smith_table":2,"minecraft:hay_block":4,"minecraft:raw_iron_block":8,"minecraft:furnace":1,"minecraft:iron_ore":10,"minecraft:andesite":41,"minecraft:fletching_table":1,"minecraft:deepslate_lapis_ore":12,"minecraft:dirt_path":1,"minecraft:deepslate_iron_ore":116,"minecraft:small_amethyst_bud":4,"minecraft:oak_stairs":2,"minecraft:stripped_oak_log":3,"minecraft:stone":158,"minecraft:deepslate_redstone_ore":3,"minecraft:snow_block":1,"minecraft:amethyst_cluster":11,"minecraft:powder_snow":29,"minecraft:crafting_table":5,"minecraft:torch":12,"minecraft:calcite":2,"minecraft:chest":3,"minecraft:copper_ore":22,"minecraft:tall_grass":4,"minecraft:deepslate_gold_ore":32,"minecraft:oak_planks":47,"minecraft:diorite":32,"minecraft:wall_torch":5,"minecraft:amethyst_block":8,"minecraft:birch_log":7,"minecraft:wheat":15,"minecraft:yellow_bed":3,"minecraft:grass":28,"minecraft:oak_log":30,"minecraft:coal_ore":73,"minecraft:beetroots":1,"minecraft:gravel":147,"minecraft:dirt":17,"pointblank:workstation":1,"minecraft:cobweb":11,"minecraft:smooth_basalt":2,"minecraft:stonecutter":1,"minecraft:oak_leaves":19,"minecraft:deepslate":59},"minecraft:picked_up":{"minecraft:wooden_axe":6,"minecraft:iron_chestplate":5,"minecraft:wheat":15,"minecraft:crafting_table":5,"minecraft:chainmail_boots":2,"minecraft:chicken":1,"minecraft:ladder":2,"minecraft:chest_minecart":1,"minecraft:oak_stairs":2,"minecraft:golden_sword":5,"minecraft:shield":13,"minecraft:amethyst_block":8,"minecraft:string":166,"minecraft:raw_copper":185,"minecraft:iron_axe":2,"minecraft:flint_and_steel":5,"minecraft:beetroot":3,"minecraft:activator_rail":9,"minecraft:cobbled_deepslate":218,"minecraft:beef":11,"minecraft:calcite":2,"minecraft:poppy":1,"minecraft:iron_pickaxe":6,"minecraft:iron_boots":5,"minecraft:chest":3,"minecraft:birch_sapling":6,"pointblank:workstation":1,"minecraft:furnace":1,"minecraft:egg":6,"minecraft:stick":32,"minecraft:raw_iron":374,"minecraft:copper_ingot":12,"minecraft:oak_fence":19,"minecraft:torch":223,"minecraft:porkchop":2,"pointblank:gunmetal_nugget":208,"minecraft:diorite":209,"minecraft:carrot":3,"minecraft:redstone":29,"minecraft:stone_sword":9,"minecraft:arrow":41,"minecraft:rotten_flesh":73,"minecraft:stone_shovel":4,"minecraft:beetroot_seeds":12,"minecraft:hay_block":4,"minecraft:saddle":3,"minecraft:glow_berries":177,"minecraft:mutton":4,"minecraft:snowball":12,"minecraft:rail":59,"minecraft:white_wool":15,"minecraft:cobblestone":517,"minecraft:stripped_oak_log":3,"minecraft:birch_log":7,"minecraft:leather_chestplate":8,"minecraft:glow_ink_sac":7,"minecraft:andesite":244,"minecraft:leather":18,"minecraft:birch_planks":39,"minecraft:flint":101,"minecraft:tuff":62,"minecraft:oak_log":41,"minecraft:yellow_bed":3,"minecraft:gunpowder":25,"minecraft:lapis_lazuli":122,"minecraft:dirt":93,"minecraft:name_tag":24,"minecraft:leather_boots":4,"minecraft:bone":85,"minecraft:bow":4,"minecraft:kelp":2,"minecraft:stonecutter":7,"minecraft:wheat_seeds":112,"minecraft:raw_gold":75,"minecraft:iron_ingot":27,"minecraft:stone_pickaxe":23,"minecraft:fletching_table":1,"tacz:gun_smith_table":2,"minecraft:iron_sword":5,"minecraft:oak_planks":153,"minecraft:smooth_basalt":2,"minecraft:cooked_porkchop":20,"minecraft:birch_boat":4,"minecraft:raw_iron_block":8,"minecraft:gravel":934,"minecraft:amethyst_shard":46,"minecraft:spider_eye":37,"minecraft:diamond":7,"minecraft:stone_axe":10,"minecraft:chainmail_leggings":5,"minecraft:granite":2,"minecraft:golden_apple":3,"minecraft:emerald":8,"minecraft:bread":78,"minecraft:oak_sapling":8,"minecraft:coal":199,"minecraft:ender_pearl":1},"minecraft:killed_by":{"minecraft:creeper":2,"minecraft:spider":1,"minecraft:enderman":4,"minecraft:drowned":1,"minecraft:cave_spider":1,"minecraft:skeleton":13,"minecraft:zombie":40},"minecraft:custom":{"minecraft:mob_kills":61,"minecraft:animals_bred":1,"minecraft:interact_with_crafting_table":64,"minecraft:leave_game":7,"minecraft:time_since_death":72,"minecraft:climb_one_cm":8975,"minecraft:sprint_one_cm":1728297,"minecraft:walk_one_cm":1046638,"minecraft:damage_blocked_by_shield":3060,"minecraft:drop":7,"minecraft:damage_dealt_absorbed":49,"minecraft:talked_to_villager":22,"minecraft:play_time":460769,"minecraft:sneak_time":5128,"minecraft:deaths":67,"minecraft:walk_under_water_one_cm":12467,"minecraft:boat_one_cm":70896,"minecraft:interact_with_brewingstand":1,"minecraft:jump":7092,"minecraft:interact_with_blast_furnace":2,"minecraft:walk_on_water_one_cm":40366,"minecraft:total_world_time":460769,"minecraft:interact_with_furnace":58,"minecraft:traded_with_villager":4,"minecraft:sleep_in_bed":18,"minecraft:time_since_rest":104,"minecraft:damage_taken":20367,"minecraft:damage_absorbed":80,"minecraft:damage_dealt":12710,"minecraft:swim_one_cm":71403,"minecraft:fly_one_cm":1207436,"minecraft:open_chest":108,"minecraft:crouch_one_cm":5047,"minecraft:fall_one_cm":183198},"minecraft:dropped":{"minecraft:dirt":9,"minecraft:white_wool":1,"minecraft:stone_axe":1,"minecraft:tuff":2,"minecraft:wheat":1,"minecraft:shield":1,"minecraft:stone_pickaxe":1},"minecraft:used":{"minecraft:beetroot":1,"minecraft:stone_sword":129,"minecraft:flint_and_steel":6,"minecraft:stone_shovel":132,"minecraft:ladder":5,"minecraft:poppy":1,"tacz:gun_smith_table":3,"minecraft:chest":3,"minecraft:shield":52,"minecraft:iron_sword":38,"minecraft:rotten_flesh":23,"minecraft:iron_chestplate":2,"minecraft:torch":208,"minecraft:dirt":25,"minecraft:mutton":2,"minecraft:carrot":2,"minecraft:tuff":3,"minecraft:wooden_axe":56,"minecraft:iron_axe":30,"minecraft:iron_boots":3,"minecraft:golden_sword":25,"pointblank:workstation":1,"minecraft:beef":11,"minecraft:furnace":2,"minecraft:egg":6,"minecraft:potato":25,"minecraft:cobbled_deepslate":11,"minecraft:calcite":1,"minecraft:wheat_seeds":17,"minecraft:cooked_mutton":2,"minecraft:diorite":2,"minecraft:amethyst_block":8,"minecraft:oak_planks":18,"minecraft:stone_pickaxe":386,"pointblank:printer":1,"minecraft:wooden_pickaxe":59,"minecraft:birch_boat":1,"minecraft:leather_chestplate":2,"minecraft:fletching_table":2,"minecraft:leather_boots":2,"minecraft:golden_apple":2,"minecraft:glow_berries":25,"minecraft:crafting_table":9,"minecraft:oak_log":2,"minecraft:wooden_hoe":2,"minecraft:apple":1,"minecraft:bread":19,"minecraft:iron_pickaxe":214,"minecraft:gravel":9,"minecraft:stone_axe":94,"minecraft:cobblestone":8,"minecraft:cooked_porkchop":14,"minecraft:andesite":8,"minecraft:chest_minecart":1,"minecraft:yellow_bed":3,"minecraft:chainmail_leggings":1},"minecraft:killed":{"minecraft:cave_spider":4,"minecraft:spider":7,"minecraft:skeleton":8,"minecraft:chicken":1,"minecraft:iron_golem":2,"minecraft:creeper":3,"minecraft:sheep":2,"minecraft:goat":1,"minecraft:zombie":24,"minecraft:villager":1,"minecraft:enderman":1,"minecraft:cow":6},"minecraft:broken":{"minecraft:stone_sword":1,"minecraft:wooden_pickaxe":1,"minecraft:stone_pickaxe":2,"minecraft:golden_sword":1,"minecraft:shield":1,"minecraft:leather_boots":1,"minecraft:wooden_axe":1,"minecraft:stone_shovel":1},"minecraft:crafted":{"minecraft:oak_planks":40,"minecraft:raw_iron":72,"minecraft:stone_shovel":1,"minecraft:iron_nugget":9,"minecraft:birch_boat":1,"minecraft:furnace":1,"minecraft:cooked_mutton":2,"minecraft:glass_pane":16,"minecraft:flint_and_steel":1,"minecraft:glass":50,"minecraft:iron_axe":2,"minecraft:ladder":3,"minecraft:stone_pickaxe":3,"minecraft:chest":1,"minecraft:wheat":36,"pointblank:printer":1,"minecraft:arrow":32,"minecraft:cooked_porkchop":2,"minecraft:crafting_table":5,"pointblank:gunmetal_ingot":4,"pointblank:processor":1,"minecraft:wooden_pickaxe":1,"minecraft:iron_sword":1,"tacz:gun_smith_table":1,"minecraft:copper_ingot":74,"minecraft:fletching_table":1,"minecraft:bucket":5,"minecraft:birch_planks":28,"minecraft:stone_axe":3,"minecraft:bread":15,"minecraft:wooden_hoe":1,"minecraft:charcoal":16,"minecraft:shield":2,"minecraft:stick":96,"minecraft:flint":20,"minecraft:iron_ingot":182,"minecraft:iron_pickaxe":3,"minecraft:wooden_axe":1,"minecraft:iron_block":1,"minecraft:stone_sword":1,"minecraft:torch":160}},"DataVersion":3465}