{"stats":{"minecraft:killed_by":{"minecraft:creeper":2,"minecraft:drowned":1,"minecraft:cave_spider":1,"minecraft:zombie":43,"minecraft:spider":2,"minecraft:enderman":4,"minecraft:skeleton":14},"minecraft:crafted":{"minecraft:oak_planks":128,"minecraft:chainmail_helmet":1,"minecraft:birch_boat":1,"minecraft:cooked_chicken":1,"minecraft:cooked_mutton":4,"minecraft:glass":50,"minecraft:iron_boots":2,"minecraft:chest":3,"minecraft:stone_hoe":1,"pointblank:printer":1,"minecraft:arrow":32,"minecraft:cooked_porkchop":25,"minecraft:crafting_table":5,"minecraft:wooden_pickaxe":1,"minecraft:copper_ingot":521,"minecraft:fletching_table":1,"minecraft:birch_planks":28,"minecraft:wooden_hoe":1,"minecraft:iron_chestplate":2,"minecraft:diamond_pickaxe":1,"minecraft:charcoal":135,"minecraft:shield":2,"minecraft:stick":260,"minecraft:iron_ingot":426,"minecraft:iron_pickaxe":6,"minecraft:iron_block":1,"minecraft:stone_sword":1,"minecraft:gold_ingot":65,"minecraft:raw_iron":72,"minecraft:stone_shovel":1,"minecraft:leather_leggings":1,"minecraft:iron_nugget":9,"minecraft:furnace":3,"minecraft:bone_meal":174,"minecraft:glass_pane":16,"minecraft:flint_and_steel":2,"minecraft:iron_axe":4,"minecraft:ladder":3,"minecraft:stone_pickaxe":3,"minecraft:golden_helmet":2,"minecraft:wheat":36,"minecraft:cooked_beef":12,"minecraft:sugar":18,"pointblank:gunmetal_ingot":34,"pointblank:processor":1,"minecraft:iron_sword":1,"tacz:gun_smith_table":1,"minecraft:bucket":7,"minecraft:stone_axe":3,"minecraft:bread":26,"minecraft:air":0,"minecraft:flint":20,"minecraft:gunpowder":24,"minecraft:wooden_axe":1,"minecraft:iron_leggings":4,"minecraft:torch":448},"minecraft:dropped":{"minecraft:cooked_beef":1,"minecraft:leather_helmet":2,"minecraft:dirt":9,"minecraft:iron_pickaxe":1,"minecraft:white_wool":1,"minecraft:bone":7,"minecraft:gravel":1,"minecraft:stone_axe":1,"minecraft:wheat":1,"minecraft:rotten_flesh":5,"minecraft:chainmail_chestplate":3,"minecraft:gunpowder":6,"minecraft:leather_leggings":1,"tacz:modern_kinetic_gun":4,"minecraft:string":5,"minecraft:tuff":2,"minecraft:shield":1,"minecraft:golden_sword":1,"minecraft:bow":2,"minecraft:stone_pickaxe":1},"minecraft:custom":{"minecraft:animals_bred":10,"minecraft:interact_with_crafting_table":149,"minecraft:leave_game":10,"minecraft:time_since_death":293927,"minecraft:sprint_one_cm":2609405,"minecraft:damage_blocked_by_shield":3060,"minecraft:drop":37,"minecraft:talked_to_villager":22,"minecraft:play_time":932453,"minecraft:deaths":72,"minecraft:jump":12853,"minecraft:interact_with_brewingstand":2,"minecraft:walk_on_water_one_cm":68125,"minecraft:interact_with_furnace":331,"minecraft:traded_with_villager":4,"minecraft:sleep_in_bed":49,"minecraft:damage_dealt":15408,"minecraft:player_kills":3,"minecraft:crouch_one_cm":22314,"minecraft:mob_kills":342,"minecraft:climb_one_cm":12081,"minecraft:walk_one_cm":2915000,"minecraft:damage_dealt_absorbed":691,"minecraft:sneak_time":15187,"minecraft:walk_under_water_one_cm":42634,"minecraft:boat_one_cm":70896,"minecraft:interact_with_blast_furnace":2,"minecraft:total_world_time":932453,"minecraft:interact_with_stonecutter":2,"minecraft:time_since_rest":6306,"minecraft:damage_taken":24365,"minecraft:damage_absorbed":80,"minecraft:swim_one_cm":104419,"minecraft:fly_one_cm":2124526,"minecraft:open_chest":384,"minecraft:fall_one_cm":308290},"minecraft:used":{"minecraft:beetroot":1,"minecraft:poppy":1,"minecraft:ladder":5,"minecraft:chest":6,"minecraft:shield":52,"minecraft:iron_sword":38,"minecraft:rotten_flesh":45,"minecraft:iron_chestplate":2,"minecraft:mutton":2,"minecraft:carrot":5,"minecraft:tuff":7,"minecraft:milk_bucket":1,"minecraft:obsidian":10,"pointblank:workstation":2,"minecraft:golden_sword":25,"minecraft:bow":4,"minecraft:furnace":5,"minecraft:oak_sapling":32,"minecraft:beetroot_seeds":3,"minecraft:egg":9,"minecraft:potato":26,"minecraft:diorite":3,"minecraft:oak_planks":18,"minecraft:stone_pickaxe":386,"minecraft:wooden_pickaxe":59,"minecraft:leather_chestplate":2,"minecraft:chainmail_helmet":4,"minecraft:white_wool":1,"minecraft:golden_apple":2,"minecraft:glow_berries":25,"minecraft:bread":30,"minecraft:gravel":9,"minecraft:andesite":8,"minecraft:chest_minecart":1,"minecraft:bone_meal":38,"minecraft:golden_pickaxe":4,"minecraft:oak_fence":5,"minecraft:stone_sword":129,"minecraft:flint_and_steel":8,"minecraft:stone_shovel":132,"tacz:gun_smith_table":3,"minecraft:stone_hoe":55,"minecraft:cooked_chicken":1,"minecraft:torch":505,"minecraft:dirt":65,"minecraft:granite":34,"minecraft:wooden_axe":56,"minecraft:iron_axe":346,"minecraft:iron_boots":4,"minecraft:beef":12,"minecraft:cooked_beef":12,"minecraft:cobbled_deepslate":36,"minecraft:iron_leggings":1,"minecraft:calcite":1,"minecraft:wheat_seeds":173,"minecraft:cooked_mutton":4,"minecraft:water_bucket":6,"minecraft:amethyst_block":8,"pointblank:printer":1,"minecraft:birch_boat":1,"minecraft:fletching_table":2,"minecraft:stonecutter":1,"minecraft:leather_boots":2,"minecraft:crafting_table":9,"minecraft:oak_log":2,"minecraft:wooden_hoe":2,"minecraft:diamond_pickaxe":41,"minecraft:apple":4,"minecraft:iron_pickaxe":1013,"minecraft:stone_axe":94,"minecraft:cobblestone":45,"minecraft:white_banner":2,"minecraft:cooked_porkchop":34,"minecraft:bucket":6,"minecraft:yellow_bed":3,"minecraft:kelp":2,"minecraft:chainmail_leggings":1},"minecraft:broken":{"minecraft:leather_leggings":1,"minecraft:stone_pickaxe":2,"minecraft:golden_sword":1,"minecraft:wooden_axe":1,"minecraft:stone_shovel":1,"minecraft:stone_sword":1,"minecraft:wooden_pickaxe":1,"minecraft:shield":1,"minecraft:iron_axe":1,"minecraft:leather_boots":1,"minecraft:iron_pickaxe":4,"minecraft:golden_pickaxe":1},"minecraft:killed":{"minecraft:cave_spider":4,"minecraft:witch":1,"minecraft:spider":37,"minecraft:skeleton":83,"minecraft:chicken":2,"minecraft:pig":5,"minecraft:iron_golem":2,"minecraft:creeper":57,"minecraft:sheep":3,"minecraft:pillager":5,"minecraft:goat":1,"minecraft:zombie":105,"minecraft:cow":13,"minecraft:horse":2,"minecraft:bat":2,"minecraft:hoglin":11,"minecraft:villager":1,"minecraft:enderman":5},"minecraft:picked_up":{"minecraft:wooden_axe":6,"minecraft:iron_chestplate":7,"minecraft:wheat":69,"minecraft:chainmail_boots":2,"minecraft:oak_stairs":2,"minecraft:golden_sword":6,"minecraft:amethyst_block":8,"minecraft:string":186,"minecraft:raw_copper":743,"minecraft:iron_leggings":4,"minecraft:beetroot":3,"minecraft:activator_rail":9,"minecraft:cobbled_deepslate":277,"minecraft:calcite":2,"minecraft:iron_pickaxe":10,"pointblank:workstation":3,"minecraft:iron_boots":7,"minecraft:furnace":2,"minecraft:golden_helmet":1,"minecraft:stick":79,"minecraft:oak_fence":24,"minecraft:torch":272,"minecraft:porkchop":25,"tacz:attachment":7,"minecraft:diorite":213,"minecraft:stone_sword":9,"minecraft:rotten_flesh":150,"minecraft:obsidian":10,"minecraft:snowball":12,"minecraft:cobblestone":592,"minecraft:birch_log":7,"minecraft:leather_chestplate":8,"minecraft:cooked_beef":1,"minecraft:water_bucket":1,"minecraft:andesite":244,"minecraft:potato":1,"minecraft:flint":101,"minecraft:tuff":69,"minecraft:lapis_lazuli":266,"minecraft:dirt":149,"minecraft:name_tag":24,"minecraft:leather_boots":4,"minecraft:bone":159,"minecraft:stonecutter":7,"minecraft:bow":9,"minecraft:wheat_seeds":270,"minecraft:raw_gold":122,"minecraft:fletching_table":1,"tacz:gun_smith_table":2,"minecraft:oak_planks":161,"minecraft:cooked_porkchop":22,"minecraft:diamond":21,"minecraft:crossbow":1,"minecraft:granite":49,"minecraft:bone_meal":6,"minecraft:golden_apple":3,"minecraft:bread":82,"minecraft:emerald":8,"minecraft:chainmail_helmet":4,"minecraft:oak_sapling":41,"minecraft:netherrack":21,"minecraft:crafting_table":5,"minecraft:chicken":2,"minecraft:ladder":2,"minecraft:leather_leggings":4,"minecraft:chest_minecart":1,"minecraft:golden_pickaxe":1,"minecraft:shield":13,"minecraft:iron_axe":5,"minecraft:flint_and_steel":5,"tacz:ammo":1038,"minecraft:beef":24,"minecraft:poppy":1,"minecraft:sugar_cane":18,"minecraft:chest":4,"minecraft:birch_sapling":6,"minecraft:egg":9,"minecraft:raw_iron":679,"minecraft:copper_ingot":12,"pointblank:gunmetal_nugget":541,"minecraft:carrot":5,"minecraft:redstone":48,"minecraft:arrow":126,"minecraft:stone_shovel":4,"minecraft:beetroot_seeds":14,"minecraft:hay_block":4,"minecraft:saddle":3,"minecraft:glow_berries":177,"minecraft:mutton":6,"minecraft:white_wool":17,"minecraft:rail":61,"minecraft:stripped_oak_log":3,"minecraft:crimson_stem":1,"minecraft:glow_ink_sac":7,"minecraft:leather":33,"minecraft:birch_planks":39,"minecraft:oak_log":215,"minecraft:chainmail_chestplate":4,"minecraft:yellow_bed":3,"minecraft:gunpowder":88,"minecraft:white_banner":2,"minecraft:cooked_mutton":1,"minecraft:apple":3,"minecraft:kelp":2,"minecraft:iron_ingot":27,"minecraft:stone_pickaxe":23,"minecraft:cooked_chicken":1,"minecraft:iron_sword":5,"minecraft:smooth_basalt":2,"minecraft:birch_boat":4,"minecraft:quartz":6,"minecraft:raw_iron_block":8,"minecraft:gravel":954,"minecraft:amethyst_shard":66,"minecraft:spider_eye":49,"minecraft:leather_helmet":2,"minecraft:stone_axe":10,"tacz:modern_kinetic_gun":8,"minecraft:chainmail_leggings":5,"minecraft:coal":387,"minecraft:ender_pearl":4},"minecraft:mined":{"minecraft:large_amethyst_bud":1,"minecraft:oak_sapling":1,"minecraft:farmland":1,"minecraft:obsidian":10,"minecraft:granite":37,"minecraft:budding_amethyst":1,"minecraft:grass_block":13,"tacz:gun_smith_table":2,"minecraft:raw_iron_block":8,"minecraft:iron_ore":122,"minecraft:cobbled_deepslate":6,"minecraft:fire":1,"minecraft:fletching_table":1,"minecraft:deepslate_lapis_ore":26,"minecraft:dirt_path":1,"minecraft:oak_stairs":2,"minecraft:small_amethyst_bud":4,"minecraft:deepslate_redstone_ore":7,"minecraft:crimson_nylium":12,"minecraft:amethyst_cluster":22,"minecraft:powder_snow":30,"minecraft:torch":13,"minecraft:calcite":2,"minecraft:chest":4,"minecraft:nether_quartz_ore":6,"minecraft:cobblestone":21,"minecraft:sugar_cane":9,"minecraft:oak_planks":55,"minecraft:wall_torch":10,"minecraft:amethyst_block":8,"minecraft:deepslate_copper_ore":7,"minecraft:birch_log":7,"minecraft:wheat":78,"minecraft:grass":76,"minecraft:oak_log":204,"minecraft:beetroots":1,"minecraft:dirt":25,"minecraft:smooth_basalt":2,"minecraft:stonecutter":1,"minecraft:netherrack":9,"minecraft:oak_leaves":254,"minecraft:deepslate":110,"minecraft:diamond_ore":6,"minecraft:tuff":25,"minecraft:deepslate_diamond_ore":10,"minecraft:glow_lichen":1,"minecraft:crimson_stem":1,"minecraft:hay_block":4,"minecraft:furnace":2,"minecraft:andesite":41,"minecraft:deepslate_iron_ore":240,"minecraft:stripped_oak_log":3,"minecraft:stone":211,"minecraft:white_wool":1,"minecraft:snow_block":1,"minecraft:oak_fence":5,"minecraft:crafting_table":5,"minecraft:tall_grass":9,"minecraft:copper_ore":150,"minecraft:deepslate_coal_ore":3,"minecraft:lapis_ore":3,"minecraft:deepslate_gold_ore":60,"minecraft:diorite":34,"minecraft:white_wall_banner":1,"minecraft:yellow_bed":3,"minecraft:coal_ore":250,"minecraft:gravel":163,"pointblank:workstation":2,"minecraft:cobweb":11,"minecraft:gold_ore":5}},"DataVersion":3465}