{"stats":{"minecraft:killed_by":{"minecraft:skeleton":1,"minecraft:zombie":2},"minecraft:used":{"minecraft:stone_axe":1,"minecraft:dirt":6,"minecraft:chest":1,"minecraft:egg":4},"minecraft:custom":{"minecraft:open_chest":13,"minecraft:time_since_rest":324,"minecraft:sprint_one_cm":81429,"minecraft:play_time":28566,"minecraft:walk_one_cm":53666,"minecraft:damage_taken":1490,"minecraft:deaths":6,"minecraft:sneak_time":41,"minecraft:walk_under_water_one_cm":1783,"minecraft:mob_kills":2,"minecraft:jump":772,"minecraft:damage_dealt":406,"minecraft:leave_game":4,"minecraft:time_since_death":296,"minecraft:walk_on_water_one_cm":4295,"minecraft:total_world_time":28566,"minecraft:swim_one_cm":45479,"minecraft:fall_one_cm":29132,"minecraft:fly_one_cm":125984},"minecraft:killed":{"minecraft:goat":1,"minecraft:zombie":1},"minecraft:picked_up":{"minecraft:rotten_flesh":2,"minecraft:gravel":1,"minecraft:oak_sapling":1,"minecraft:chest":2,"minecraft:dirt":6,"minecraft:egg":4},"minecraft:mined":{"minecraft:grass":1,"minecraft:grass_block":5,"minecraft:chest":2,"minecraft:gravel":1,"minecraft:dirt":2,"minecraft:oak_leaves":3}},"DataVersion":3465}