{"stats":{"minecraft:dropped":{"minecraft:leather_helmet":1,"minecraft:dirt":9,"minecraft:white_wool":1,"minecraft:stone_axe":1,"minecraft:tuff":2,"minecraft:wheat":1,"minecraft:rotten_flesh":5,"minecraft:chainmail_chestplate":2,"minecraft:shield":1,"minecraft:leather_leggings":1,"minecraft:stone_pickaxe":1},"minecraft:crafted":{"minecraft:oak_planks":128,"minecraft:chainmail_helmet":1,"minecraft:raw_iron":72,"minecraft:stone_shovel":1,"minecraft:leather_leggings":1,"minecraft:iron_nugget":9,"minecraft:birch_boat":1,"minecraft:cooked_chicken":1,"minecraft:furnace":3,"minecraft:bone_meal":174,"minecraft:flint_and_steel":1,"minecraft:cooked_mutton":4,"minecraft:glass_pane":16,"minecraft:glass":50,"minecraft:iron_axe":4,"minecraft:ladder":3,"minecraft:stone_pickaxe":3,"minecraft:chest":3,"minecraft:stone_hoe":1,"minecraft:wheat":36,"minecraft:cooked_beef":3,"minecraft:sugar":18,"pointblank:printer":1,"minecraft:arrow":32,"minecraft:cooked_porkchop":9,"minecraft:crafting_table":5,"pointblank:gunmetal_ingot":22,"pointblank:processor":1,"minecraft:wooden_pickaxe":1,"minecraft:iron_sword":1,"tacz:gun_smith_table":1,"minecraft:copper_ingot":236,"minecraft:fletching_table":1,"minecraft:bucket":5,"minecraft:birch_planks":28,"minecraft:stone_axe":3,"minecraft:bread":26,"minecraft:air":0,"minecraft:wooden_hoe":1,"minecraft:charcoal":135,"minecraft:shield":2,"minecraft:stick":260,"minecraft:flint":20,"minecraft:gunpowder":24,"minecraft:iron_ingot":395,"minecraft:iron_pickaxe":5,"minecraft:wooden_axe":1,"minecraft:iron_block":1,"minecraft:stone_sword":1,"minecraft:gold_ingot":59,"minecraft:torch":396},"minecraft:custom":{"minecraft:mob_kills":190,"minecraft:animals_bred":6,"minecraft:interact_with_crafting_table":108,"minecraft:leave_game":8,"minecraft:time_since_death":79390,"minecraft:climb_one_cm":11461,"minecraft:sprint_one_cm":2249739,"minecraft:walk_one_cm":2081819,"minecraft:damage_blocked_by_shield":3060,"minecraft:drop":16,"minecraft:damage_dealt_absorbed":531,"minecraft:talked_to_villager":22,"minecraft:play_time":717916,"minecraft:sneak_time":9119,"minecraft:deaths":72,"minecraft:walk_under_water_one_cm":42436,"minecraft:boat_one_cm":70896,"minecraft:interact_with_brewingstand":2,"minecraft:jump":10328,"minecraft:interact_with_blast_furnace":2,"minecraft:walk_on_water_one_cm":64109,"minecraft:total_world_time":717916,"minecraft:interact_with_furnace":215,"minecraft:traded_with_villager":4,"minecraft:interact_with_stonecutter":1,"minecraft:sleep_in_bed":34,"minecraft:time_since_rest":5582,"minecraft:damage_taken":23119,"minecraft:damage_absorbed":80,"minecraft:damage_dealt":14193,"minecraft:swim_one_cm":103671,"minecraft:fly_one_cm":1683064,"minecraft:open_chest":250,"minecraft:crouch_one_cm":11629,"minecraft:fall_one_cm":245944},"minecraft:mined":{"minecraft:large_amethyst_bud":1,"minecraft:diamond_ore":6,"minecraft:tuff":22,"minecraft:oak_sapling":1,"minecraft:deepslate_diamond_ore":9,"minecraft:glow_lichen":1,"minecraft:granite":37,"minecraft:budding_amethyst":1,"minecraft:grass_block":7,"tacz:gun_smith_table":2,"minecraft:hay_block":4,"minecraft:raw_iron_block":8,"minecraft:furnace":2,"minecraft:iron_ore":120,"minecraft:cobbled_deepslate":6,"minecraft:andesite":41,"minecraft:deepslate_lapis_ore":21,"minecraft:fletching_table":1,"minecraft:dirt_path":1,"minecraft:deepslate_iron_ore":211,"minecraft:small_amethyst_bud":4,"minecraft:oak_stairs":2,"minecraft:stripped_oak_log":3,"minecraft:stone":185,"minecraft:white_wool":1,"minecraft:deepslate_redstone_ore":7,"minecraft:snow_block":1,"minecraft:amethyst_cluster":16,"minecraft:powder_snow":29,"minecraft:oak_fence":1,"minecraft:crafting_table":5,"minecraft:torch":13,"minecraft:calcite":2,"minecraft:chest":4,"minecraft:copper_ore":82,"minecraft:tall_grass":8,"minecraft:cobblestone":21,"minecraft:deepslate_coal_ore":3,"minecraft:deepslate_gold_ore":54,"minecraft:lapis_ore":3,"minecraft:oak_planks":55,"minecraft:sugar_cane":9,"minecraft:wall_torch":10,"minecraft:diorite":34,"minecraft:amethyst_block":8,"minecraft:deepslate_copper_ore":5,"minecraft:birch_log":7,"minecraft:wheat":69,"minecraft:yellow_bed":3,"minecraft:grass":35,"minecraft:coal_ore":107,"minecraft:oak_log":204,"minecraft:beetroots":1,"minecraft:gravel":162,"minecraft:dirt":17,"pointblank:workstation":1,"minecraft:cobweb":11,"minecraft:smooth_basalt":2,"minecraft:stonecutter":1,"minecraft:gold_ore":5,"minecraft:oak_leaves":247,"minecraft:deepslate":101},"minecraft:broken":{"minecraft:stone_sword":1,"minecraft:leather_leggings":1,"minecraft:wooden_pickaxe":1,"minecraft:stone_pickaxe":2,"minecraft:shield":1,"minecraft:golden_sword":1,"minecraft:iron_axe":1,"minecraft:leather_boots":1,"minecraft:iron_pickaxe":2,"minecraft:wooden_axe":1,"minecraft:stone_shovel":1},"minecraft:killed":{"minecraft:cave_spider":4,"minecraft:witch":1,"minecraft:spider":16,"minecraft:horse":2,"minecraft:skeleton":51,"minecraft:chicken":2,"minecraft:pig":5,"minecraft:iron_golem":2,"minecraft:bat":1,"minecraft:creeper":25,"minecraft:sheep":3,"minecraft:goat":1,"minecraft:zombie":62,"minecraft:villager":1,"minecraft:enderman":3,"minecraft:cow":9},"minecraft:killed_by":{"minecraft:creeper":2,"minecraft:spider":2,"minecraft:enderman":4,"minecraft:drowned":1,"minecraft:cave_spider":1,"minecraft:skeleton":14,"minecraft:zombie":43},"minecraft:picked_up":{"minecraft:wooden_axe":6,"minecraft:iron_chestplate":7,"minecraft:crafting_table":5,"minecraft:wheat":61,"minecraft:chainmail_boots":2,"minecraft:chicken":2,"minecraft:ladder":2,"minecraft:chest_minecart":1,"minecraft:leather_leggings":3,"minecraft:oak_stairs":2,"minecraft:shield":13,"minecraft:golden_sword":5,"minecraft:amethyst_block":8,"minecraft:string":167,"minecraft:raw_copper":513,"minecraft:iron_axe":5,"minecraft:flint_and_steel":5,"minecraft:iron_leggings":2,"tacz:ammo":807,"minecraft:beetroot":3,"minecraft:activator_rail":9,"minecraft:cobbled_deepslate":268,"minecraft:beef":15,"minecraft:calcite":2,"minecraft:iron_pickaxe":8,"minecraft:poppy":1,"minecraft:sugar_cane":18,"minecraft:chest":4,"minecraft:birch_sapling":6,"pointblank:workstation":1,"minecraft:furnace":2,"minecraft:iron_boots":7,"minecraft:egg":7,"minecraft:raw_iron":648,"minecraft:stick":78,"minecraft:copper_ingot":12,"minecraft:oak_fence":20,"minecraft:torch":272,"minecraft:porkchop":9,"pointblank:gunmetal_nugget":432,"tacz:attachment":5,"minecraft:diorite":213,"minecraft:carrot":3,"minecraft:redstone":48,"minecraft:stone_sword":9,"minecraft:arrow":105,"minecraft:stone_shovel":4,"minecraft:rotten_flesh":114,"minecraft:beetroot_seeds":14,"minecraft:hay_block":4,"minecraft:saddle":3,"minecraft:glow_berries":177,"minecraft:mutton":6,"minecraft:rail":61,"minecraft:snowball":12,"minecraft:white_wool":17,"minecraft:cobblestone":566,"minecraft:birch_log":7,"minecraft:stripped_oak_log":3,"minecraft:leather_chestplate":8,"minecraft:glow_ink_sac":7,"minecraft:andesite":244,"minecraft:leather":23,"minecraft:potato":1,"minecraft:birch_planks":39,"minecraft:flint":101,"minecraft:tuff":66,"minecraft:oak_log":215,"minecraft:chainmail_chestplate":3,"minecraft:yellow_bed":3,"minecraft:gunpowder":62,"minecraft:lapis_lazuli":230,"minecraft:dirt":93,"minecraft:name_tag":24,"minecraft:cooked_mutton":1,"minecraft:leather_boots":4,"minecraft:bone":141,"minecraft:apple":3,"minecraft:kelp":2,"minecraft:bow":7,"minecraft:stonecutter":7,"minecraft:wheat_seeds":239,"minecraft:raw_gold":116,"minecraft:iron_ingot":27,"minecraft:stone_pickaxe":23,"minecraft:cooked_chicken":1,"minecraft:fletching_table":1,"tacz:gun_smith_table":2,"minecraft:iron_sword":5,"minecraft:oak_planks":161,"minecraft:smooth_basalt":2,"minecraft:cooked_porkchop":22,"minecraft:birch_boat":4,"minecraft:raw_iron_block":8,"minecraft:gravel":952,"minecraft:amethyst_shard":54,"minecraft:spider_eye":44,"minecraft:leather_helmet":1,"minecraft:diamond":20,"minecraft:stone_axe":10,"tacz:modern_kinetic_gun":3,"minecraft:chainmail_leggings":5,"minecraft:granite":49,"minecraft:bone_meal":5,"minecraft:golden_apple":3,"minecraft:chainmail_helmet":4,"minecraft:emerald":8,"minecraft:bread":82,"minecraft:oak_sapling":39,"minecraft:coal":244,"minecraft:ender_pearl":3},"minecraft:used":{"minecraft:oak_fence":1,"minecraft:beetroot":1,"minecraft:stone_sword":129,"minecraft:flint_and_steel":6,"minecraft:stone_shovel":132,"minecraft:ladder":5,"minecraft:poppy":1,"tacz:gun_smith_table":3,"minecraft:chest":6,"minecraft:shield":52,"minecraft:iron_sword":38,"minecraft:cooked_chicken":1,"minecraft:rotten_flesh":45,"minecraft:stone_hoe":52,"minecraft:iron_chestplate":2,"minecraft:torch":433,"minecraft:dirt":25,"minecraft:mutton":2,"minecraft:carrot":2,"minecraft:tuff":4,"minecraft:granite":34,"minecraft:wooden_axe":56,"minecraft:iron_axe":321,"minecraft:iron_boots":4,"pointblank:workstation":1,"minecraft:golden_sword":25,"minecraft:beef":12,"minecraft:oak_sapling":30,"minecraft:furnace":5,"minecraft:beetroot_seeds":3,"minecraft:egg":7,"minecraft:potato":26,"minecraft:cooked_beef":3,"minecraft:calcite":1,"minecraft:cobbled_deepslate":27,"minecraft:iron_leggings":1,"minecraft:wheat_seeds":155,"minecraft:cooked_mutton":4,"minecraft:diorite":3,"minecraft:amethyst_block":8,"minecraft:oak_planks":18,"minecraft:stone_pickaxe":386,"minecraft:wooden_pickaxe":59,"minecraft:birch_boat":1,"minecraft:fletching_table":2,"pointblank:printer":1,"minecraft:leather_chestplate":2,"minecraft:chainmail_helmet":4,"minecraft:stonecutter":1,"minecraft:leather_boots":2,"minecraft:golden_apple":2,"minecraft:white_wool":1,"minecraft:glow_berries":25,"minecraft:crafting_table":9,"minecraft:oak_log":2,"minecraft:wooden_hoe":2,"minecraft:apple":4,"minecraft:bread":30,"minecraft:iron_pickaxe":719,"minecraft:gravel":9,"minecraft:stone_axe":94,"minecraft:cobblestone":45,"minecraft:cooked_porkchop":21,"minecraft:andesite":8,"minecraft:chest_minecart":1,"minecraft:yellow_bed":3,"minecraft:kelp":2,"minecraft:bone_meal":37,"minecraft:chainmail_leggings":1}},"DataVersion":3465}