{"stats":{"minecraft:killed":{"minecraft:spider":2,"minecraft:skeleton":5,"minecraft:zombie":13},"minecraft:dropped":{"minecraft:water_bucket":1,"minecraft:glow_berries":8,"minecraft:rail":7,"minecraft:wooden_axe":1,"minecraft:iron_leggings":2,"minecraft:gray_carpet":7,"minecraft:oak_door":2,"minecraft:stone_sword":1,"minecraft:rotten_flesh":3,"minecraft:clay_ball":4,"minecraft:deepslate_bricks":1,"minecraft:shield":1,"minecraft:orange_terracotta":1,"minecraft:wooden_shovel":1,"minecraft:stone_pickaxe":4},"minecraft:killed_by":{"minecraft:creeper":1,"minecraft:warden":9,"minecraft:skeleton":3,"minecraft:zombie":2},"minecraft:mined":{"minecraft:yellow_terracotta":6,"minecraft:tuff":38,"minecraft:mossy_cobblestone":1,"minecraft:deepslate_diamond_ore":17,"minecraft:candle":4,"minecraft:oak_door":3,"minecraft:sculk_vein":6,"minecraft:dark_oak_log":2,"minecraft:cave_vines_plant":22,"minecraft:granite":5,"minecraft:grass_block":1,"minecraft:deepslate_bricks":2,"minecraft:moss_block":14,"minecraft:spawner":1,"minecraft:furnace":2,"minecraft:polished_basalt":1,"minecraft:iron_ore":32,"minecraft:cobbled_deepslate":2,"minecraft:fire":1,"minecraft:andesite":5,"minecraft:moss_carpet":1,"minecraft:deepslate_lapis_ore":6,"minecraft:sculk_shrieker":13,"minecraft:cave_vines":26,"minecraft:deepslate_iron_ore":50,"minecraft:rail":2,"minecraft:azalea":1,"minecraft:stone":368,"minecraft:deepslate_redstone_ore":1,"minecraft:soul_wall_torch":2,"minecraft:soul_fire":1,"minecraft:soul_torch":2,"minecraft:orange_terracotta":12,"minecraft:clay":44,"minecraft:crafting_table":4,"minecraft:torch":3,"minecraft:calcite":4,"minecraft:chest":8,"minecraft:dead_bush":3,"minecraft:sculk_sensor":9,"minecraft:tall_grass":2,"minecraft:copper_ore":8,"minecraft:cobblestone":3,"minecraft:deepslate_gold_ore":10,"minecraft:oak_planks":12,"minecraft:sculk":15,"minecraft:diorite":37,"minecraft:amethyst_block":7,"minecraft:gray_wool":3,"minecraft:red_terracotta":9,"minecraft:coarse_dirt":12,"minecraft:gray_bed":1,"minecraft:grass":3,"minecraft:oak_log":22,"minecraft:coal_ore":22,"minecraft:gravel":17,"minecraft:dirt":44,"minecraft:gray_carpet":7,"minecraft:cobweb":5,"minecraft:terracotta":24,"minecraft:gold_ore":14,"minecraft:oak_leaves":49,"minecraft:deepslate":394},"minecraft:used":{"minecraft:stone_sword":51,"minecraft:flint_and_steel":9,"minecraft:chest":10,"minecraft:shield":32,"minecraft:wooden_shovel":56,"minecraft:stone_hoe":26,"minecraft:oak_door":4,"minecraft:torch":76,"minecraft:dirt":11,"minecraft:tuff":10,"minecraft:wooden_axe":10,"minecraft:oak_sapling":2,"minecraft:furnace":5,"minecraft:gray_bed":3,"minecraft:cobbled_deepslate":36,"minecraft:water_bucket":1,"minecraft:amethyst_block":1,"minecraft:stone_pickaxe":310,"minecraft:oak_planks":1,"minecraft:wooden_pickaxe":132,"minecraft:deepslate_bricks":1,"minecraft:golden_apple":1,"minecraft:glow_berries":145,"minecraft:rail":1,"minecraft:terracotta":1,"minecraft:crafting_table":8,"minecraft:bread":7,"minecraft:iron_pickaxe":724,"minecraft:gravel":2,"minecraft:stone_axe":80,"minecraft:cobblestone":146,"minecraft:bucket":2,"minecraft:candle":7,"minecraft:soul_torch":34},"minecraft:picked_up":{"minecraft:wooden_axe":3,"minecraft:crafting_table":4,"minecraft:coarse_dirt":12,"minecraft:clay_ball":264,"minecraft:wooden_pickaxe":3,"minecraft:enchanted_book":2,"minecraft:shield":2,"minecraft:amethyst_block":21,"minecraft:string":5,"minecraft:moss_carpet":3,"minecraft:raw_copper":28,"minecraft:flint_and_steel":1,"minecraft:iron_leggings":1,"minecraft:compass":1,"minecraft:experience_bottle":3,"minecraft:candle":5,"minecraft:cobbled_deepslate":772,"minecraft:bucket":2,"minecraft:echo_shard":5,"minecraft:music_disc_otherside":1,"minecraft:azalea":1,"minecraft:wooden_shovel":4,"minecraft:iron_pickaxe":4,"minecraft:enchanted_golden_apple":4,"minecraft:chest":10,"minecraft:furnace":2,"minecraft:stick":11,"minecraft:raw_iron":85,"minecraft:oak_door":2,"minecraft:torch":4,"minecraft:diorite":52,"minecraft:redstone":25,"minecraft:stone_sword":5,"minecraft:arrow":10,"minecraft:rotten_flesh":10,"minecraft:deepslate_bricks":2,"minecraft:yellow_terracotta":6,"minecraft:saddle":1,"minecraft:gold_ingot":2,"minecraft:glow_berries":57,"minecraft:rail":15,"minecraft:white_wool":2,"minecraft:cobblestone":489,"minecraft:andesite":5,"minecraft:flint":1,"minecraft:tuff":45,"minecraft:oak_log":36,"minecraft:golden_boots":1,"minecraft:gunpowder":10,"minecraft:lapis_lazuli":72,"minecraft:dirt":68,"minecraft:disc_fragment_5":2,"minecraft:name_tag":2,"minecraft:orange_terracotta":14,"minecraft:bone":29,"minecraft:gray_carpet":21,"minecraft:wheat_seeds":2,"minecraft:raw_gold":38,"minecraft:stone_pickaxe":2,"minecraft:iron_ingot":11,"minecraft:gray_bed":1,"minecraft:moss_block":13,"minecraft:stone_hoe":4,"minecraft:oak_planks":43,"minecraft:book":18,"minecraft:gravel":24,"minecraft:amethyst_shard":17,"minecraft:soul_torch":6,"minecraft:red_terracotta":9,"minecraft:dark_oak_log":2,"minecraft:spider_eye":2,"minecraft:diamond":36,"minecraft:stone_axe":5,"minecraft:granite":5,"minecraft:gray_wool":6,"minecraft:terracotta":25,"minecraft:oak_sapling":4,"minecraft:coal":26},"minecraft:broken":{"minecraft:wooden_pickaxe":2,"minecraft:stone_pickaxe":2,"minecraft:iron_pickaxe":2},"minecraft:crafted":{"minecraft:oak_door":6,"minecraft:oak_planks":84,"minecraft:furnace":3,"minecraft:flint_and_steel":1,"minecraft:iron_boots":1,"minecraft:stone_pickaxe":5,"minecraft:chest":4,"minecraft:dark_oak_planks":8,"minecraft:stone_hoe":1,"minecraft:gray_bed":2,"minecraft:golden_boots":1,"minecraft:wooden_shovel":1,"minecraft:crafting_table":4,"minecraft:wooden_pickaxe":1,"minecraft:iron_helmet":1,"minecraft:stone_axe":2,"minecraft:white_wool":2,"minecraft:iron_chestplate":1,"minecraft:charcoal":1,"minecraft:shield":1,"minecraft:stick":40,"minecraft:iron_ingot":31,"minecraft:iron_pickaxe":3,"minecraft:wooden_axe":1,"minecraft:stone_sword":1,"minecraft:iron_leggings":1,"minecraft:gold_ingot":6,"minecraft:torch":32},"minecraft:custom":{"minecraft:mob_kills":22,"minecraft:interact_with_crafting_table":47,"minecraft:leave_game":8,"minecraft:time_since_death":3556,"minecraft:climb_one_cm":2926,"minecraft:sprint_one_cm":444210,"minecraft:walk_one_cm":596394,"minecraft:damage_blocked_by_shield":1845,"minecraft:drop":30,"minecraft:play_time":201146,"minecraft:deaths":21,"minecraft:sneak_time":26167,"minecraft:walk_under_water_one_cm":10492,"minecraft:jump":3618,"minecraft:walk_on_water_one_cm":15577,"minecraft:total_world_time":201146,"minecraft:interact_with_furnace":31,"minecraft:tune_noteblock":1,"minecraft:time_since_rest":3591,"minecraft:damage_taken":7854,"minecraft:damage_absorbed":40,"minecraft:damage_dealt":4604,"minecraft:swim_one_cm":55648,"minecraft:fly_one_cm":320093,"minecraft:open_chest":77,"minecraft:crouch_one_cm":103665,"minecraft:fall_one_cm":65081}},"DataVersion":3465}