{"stats":{"minecraft:custom":{"minecraft:jump":198,"minecraft:time_since_rest":115,"minecraft:deaths":1,"minecraft:damage_taken":230,"minecraft:crouch_one_cm":229,"minecraft:leave_game":3,"minecraft:play_time":4395,"minecraft:sprint_one_cm":16644,"minecraft:time_since_death":87,"minecraft:walk_on_water_one_cm":1379,"minecraft:walk_one_cm":2309,"minecraft:sneak_time":69,"minecraft:total_world_time":4395,"minecraft:walk_under_water_one_cm":1506,"minecraft:swim_one_cm":10802,"minecraft:fall_one_cm":6765,"minecraft:fly_one_cm":58182}},"DataVersion":3465}