{"stats":{"minecraft:broken":{"minecraft:wooden_pickaxe":2,"minecraft:stone_pickaxe":2,"minecraft:iron_pickaxe":2},"minecraft:killed_by":{"minecraft:creeper":1,"minecraft:warden":21,"minecraft:skeleton":4,"minecraft:zombie":2},"minecraft:used":{"minecraft:stone_sword":51,"minecraft:flint_and_steel":9,"minecraft:ladder":6,"minecraft:chest":11,"minecraft:shield":32,"minecraft:wooden_shovel":56,"minecraft:stone_hoe":134,"minecraft:oak_door":4,"minecraft:torch":76,"minecraft:dirt":12,"minecraft:tuff":10,"minecraft:wooden_axe":10,"minecraft:golden_carrot":7,"minecraft:oak_sapling":2,"minecraft:furnace":5,"minecraft:gray_bed":4,"minecraft:cobbled_deepslate":42,"minecraft:iron_leggings":1,"minecraft:water_bucket":1,"minecraft:amethyst_block":1,"minecraft:stone_pickaxe":310,"minecraft:oak_planks":2,"minecraft:wooden_pickaxe":132,"minecraft:deepslate_bricks":1,"minecraft:golden_apple":1,"minecraft:glow_berries":148,"minecraft:rail":1,"minecraft:terracotta":1,"minecraft:crafting_table":8,"minecraft:bread":7,"minecraft:iron_pickaxe":747,"minecraft:gravel":2,"minecraft:stone_axe":80,"minecraft:cobblestone":146,"minecraft:bucket":2,"minecraft:candle":7,"minecraft:soul_torch":34},"minecraft:crafted":{"minecraft:oak_door":6,"minecraft:oak_planks":84,"minecraft:furnace":3,"minecraft:flint_and_steel":1,"minecraft:iron_boots":1,"minecraft:stone_pickaxe":5,"minecraft:chest":4,"minecraft:dark_oak_planks":8,"minecraft:stone_hoe":1,"minecraft:gray_bed":3,"minecraft:golden_boots":1,"minecraft:wooden_shovel":1,"minecraft:crafting_table":4,"minecraft:wooden_pickaxe":1,"minecraft:iron_helmet":1,"minecraft:stone_axe":2,"minecraft:iron_chestplate":1,"minecraft:white_wool":2,"minecraft:charcoal":1,"minecraft:shield":1,"minecraft:recovery_compass":1,"minecraft:stick":40,"minecraft:iron_ingot":85,"minecraft:iron_pickaxe":3,"minecraft:wooden_axe":1,"minecraft:stone_sword":1,"minecraft:iron_leggings":1,"minecraft:gold_ingot":6,"minecraft:torch":32},"minecraft:mined":{"minecraft:yellow_terracotta":6,"minecraft:tuff":38,"minecraft:mossy_cobblestone":1,"minecraft:deepslate_diamond_ore":20,"minecraft:candle":4,"minecraft:oak_door":3,"minecraft:sculk_vein":40,"minecraft:dark_oak_log":2,"minecraft:ladder":16,"minecraft:cave_vines_plant":22,"minecraft:granite":5,"minecraft:grass_block":1,"minecraft:deepslate_bricks":2,"minecraft:moss_block":14,"minecraft:spawner":1,"minecraft:sculk_catalyst":17,"minecraft:furnace":2,"minecraft:polished_basalt":1,"minecraft:iron_ore":42,"minecraft:cobbled_deepslate":2,"minecraft:fire":1,"minecraft:andesite":5,"minecraft:moss_carpet":1,"minecraft:deepslate_lapis_ore":6,"minecraft:sculk_shrieker":49,"minecraft:cave_vines":26,"minecraft:deepslate_iron_ore":51,"minecraft:rail":2,"minecraft:azalea":1,"minecraft:stone":369,"minecraft:deepslate_redstone_ore":1,"minecraft:soul_wall_torch":2,"minecraft:soul_fire":32,"minecraft:soul_torch":2,"minecraft:orange_terracotta":12,"minecraft:clay":44,"minecraft:crafting_table":4,"minecraft:torch":3,"minecraft:note_block":1,"minecraft:calcite":4,"minecraft:chest":22,"minecraft:dead_bush":3,"minecraft:sculk_sensor":88,"minecraft:tall_grass":2,"minecraft:copper_ore":8,"minecraft:cobblestone":3,"minecraft:deepslate_gold_ore":10,"minecraft:oak_planks":12,"minecraft:sculk":348,"minecraft:diorite":37,"minecraft:amethyst_block":7,"minecraft:gray_wool":3,"minecraft:red_terracotta":9,"minecraft:coarse_dirt":12,"minecraft:gray_bed":1,"minecraft:grass":3,"minecraft:oak_log":22,"minecraft:coal_ore":22,"minecraft:gravel":17,"minecraft:dirt":44,"minecraft:gray_carpet":7,"minecraft:cobweb":5,"minecraft:terracotta":24,"minecraft:gold_ore":14,"minecraft:oak_leaves":49,"minecraft:deepslate":402},"minecraft:custom":{"minecraft:mob_kills":22,"minecraft:interact_with_crafting_table":51,"minecraft:leave_game":8,"minecraft:time_since_death":32568,"minecraft:climb_one_cm":11461,"minecraft:sprint_one_cm":836264,"minecraft:walk_one_cm":1222426,"minecraft:damage_blocked_by_shield":1845,"minecraft:drop":48,"minecraft:play_noteblock":1,"minecraft:play_time":429003,"minecraft:deaths":37,"minecraft:sneak_time":57540,"minecraft:walk_under_water_one_cm":14326,"minecraft:jump":7125,"minecraft:walk_on_water_one_cm":19237,"minecraft:total_world_time":429003,"minecraft:interact_with_furnace":32,"minecraft:tune_noteblock":1,"minecraft:sleep_in_bed":3,"minecraft:time_since_rest":32591,"minecraft:damage_taken":13674,"minecraft:damage_absorbed":40,"minecraft:damage_dealt":7113,"minecraft:swim_one_cm":56291,"minecraft:fly_one_cm":787325,"minecraft:open_chest":135,"minecraft:crouch_one_cm":226034,"minecraft:fall_one_cm":160190},"minecraft:picked_up":{"minecraft:wooden_axe":3,"minecraft:crafting_table":4,"minecraft:coarse_dirt":12,"minecraft:ladder":16,"minecraft:suspicious_stew":1,"minecraft:clay_ball":264,"minecraft:lead":1,"minecraft:packed_ice":5,"minecraft:wooden_pickaxe":3,"minecraft:enchanted_book":8,"minecraft:diamond_horse_armor":1,"minecraft:shield":2,"minecraft:amethyst_block":21,"minecraft:music_disc_cat":1,"minecraft:string":5,"minecraft:moss_carpet":3,"minecraft:raw_copper":28,"minecraft:flint_and_steel":1,"minecraft:iron_leggings":4,"minecraft:compass":2,"minecraft:experience_bottle":6,"minecraft:candle":8,"minecraft:cobbled_deepslate":791,"minecraft:bucket":2,"minecraft:echo_shard":16,"minecraft:music_disc_otherside":2,"minecraft:azalea":1,"minecraft:wooden_shovel":4,"minecraft:iron_pickaxe":5,"minecraft:enchanted_golden_apple":4,"minecraft:chest":25,"minecraft:furnace":2,"minecraft:stick":13,"minecraft:raw_iron":96,"minecraft:oak_door":2,"minecraft:torch":4,"minecraft:note_block":1,"minecraft:diorite":52,"minecraft:redstone":25,"minecraft:stone_sword":6,"minecraft:arrow":10,"minecraft:rotten_flesh":10,"minecraft:deepslate_bricks":2,"minecraft:yellow_terracotta":6,"minecraft:saddle":8,"minecraft:gold_ingot":2,"minecraft:glow_berries":57,"minecraft:snowball":15,"minecraft:rail":15,"minecraft:white_wool":2,"minecraft:cobblestone":490,"minecraft:golden_carrot":14,"minecraft:andesite":5,"minecraft:flint":1,"minecraft:tuff":45,"minecraft:oak_log":36,"minecraft:golden_boots":1,"minecraft:gunpowder":10,"minecraft:lapis_lazuli":72,"minecraft:dirt":69,"minecraft:disc_fragment_5":2,"minecraft:name_tag":7,"minecraft:orange_terracotta":14,"minecraft:bone":53,"minecraft:gray_carpet":21,"minecraft:wheat_seeds":2,"minecraft:raw_gold":38,"minecraft:stone_pickaxe":2,"minecraft:iron_ingot":11,"minecraft:gray_bed":1,"minecraft:moss_block":13,"minecraft:stone_hoe":7,"minecraft:oak_planks":43,"minecraft:book":18,"minecraft:sculk_catalyst":1,"minecraft:sculk":6,"minecraft:gravel":24,"minecraft:amethyst_shard":79,"minecraft:soul_torch":12,"minecraft:red_terracotta":9,"minecraft:dark_oak_log":2,"minecraft:spider_eye":2,"minecraft:sculk_sensor":3,"minecraft:diamond":39,"minecraft:stone_axe":5,"minecraft:granite":5,"minecraft:gray_wool":9,"minecraft:terracotta":27,"minecraft:oak_sapling":4,"minecraft:coal":97},"minecraft:dropped":{"minecraft:water_bucket":1,"minecraft:glow_berries":8,"minecraft:rail":7,"minecraft:coal":13,"minecraft:stick":2,"minecraft:wooden_axe":1,"minecraft:iron_leggings":2,"minecraft:iron_pickaxe":1,"minecraft:gray_carpet":7,"minecraft:oak_door":2,"minecraft:stone_sword":3,"minecraft:rotten_flesh":3,"minecraft:clay_ball":4,"minecraft:deepslate_bricks":1,"minecraft:shield":1,"minecraft:orange_terracotta":1,"minecraft:wooden_shovel":1,"minecraft:stone_pickaxe":4},"minecraft:killed":{"minecraft:spider":2,"minecraft:skeleton":5,"minecraft:zombie":13}},"DataVersion":3465}