{"stats":{"minecraft:broken":{"minecraft:wooden_shovel":1,"minecraft:wooden_axe":3},"minecraft:custom":{"minecraft:interact_with_furnace":17,"minecraft:mob_kills":69,"minecraft:traded_with_villager":1,"minecraft:interact_with_crafting_table":13,"minecraft:leave_game":5,"minecraft:time_since_death":163899,"minecraft:sleep_in_bed":9,"minecraft:climb_one_cm":2625,"minecraft:time_since_rest":485,"minecraft:sprint_one_cm":197725,"minecraft:damage_taken":757,"minecraft:walk_one_cm":130315,"minecraft:drop":1,"minecraft:damage_dealt":5151,"minecraft:swim_one_cm":57863,"minecraft:talked_to_villager":6,"minecraft:fly_one_cm":315623,"minecraft:open_chest":18,"minecraft:crouch_one_cm":1116,"minecraft:play_time":165755,"minecraft:deaths":1,"minecraft:sneak_time":552,"minecraft:walk_under_water_one_cm":7161,"minecraft:jump":1256,"minecraft:walk_on_water_one_cm":17812,"minecraft:total_world_time":165755,"minecraft:fall_one_cm":33508},"minecraft:crafted":{"minecraft:oak_planks":32,"minecraft:wooden_shovel":1,"minecraft:emerald":1,"minecraft:leather_boots":1,"minecraft:crafting_table":1,"minecraft:wooden_pickaxe":1,"minecraft:furnace":1,"minecraft:leather_helmet":1,"minecraft:cooked_mutton":7,"minecraft:charcoal":6,"minecraft:stick":8,"minecraft:iron_ingot":2,"minecraft:wooden_axe":3,"minecraft:white_bed":1},"minecraft:mined":{"minecraft:brown_mushroom":1,"minecraft:cobblestone_stairs":3,"minecraft:dandelion":7,"minecraft:crafting_table":3,"minecraft:grass_block":5,"minecraft:chest":2,"minecraft:tall_grass":2,"minecraft:oxeye_daisy":1,"minecraft:furnace":1,"minecraft:wheat":1,"minecraft:fire":1,"minecraft:andesite":3,"minecraft:azure_bluet":1,"minecraft:grass":23,"minecraft:oak_log":19,"minecraft:beetroots":2,"minecraft:dirt":10,"minecraft:stone":9,"minecraft:white_wool":4,"minecraft:oak_leaves":9},"minecraft:killed":{"minecraft:pig":2,"minecraft:spider":2,"minecraft:iron_golem":1,"minecraft:frog":1,"minecraft:slime":29,"minecraft:sheep":10,"minecraft:zombie":5,"minecraft:chicken":3,"minecraft:drowned":2,"minecraft:cow":14},"minecraft:used":{"minecraft:beetroot":1,"minecraft:cooked_mutton":7,"minecraft:chest":2,"minecraft:wooden_pickaxe":19,"minecraft:wooden_shovel":82,"minecraft:white_wool":4,"minecraft:dirt":1,"minecraft:mutton":2,"minecraft:crafting_table":4,"minecraft:wooden_axe":122,"minecraft:apple":7,"minecraft:furnace":1,"minecraft:golden_axe":11},"minecraft:dropped":{"minecraft:beetroot":1},"minecraft:picked_up":{"minecraft:charcoal":5,"minecraft:crafting_table":3,"minecraft:feather":2,"minecraft:azure_bluet":2,"minecraft:chicken":6,"minecraft:andesite":6,"minecraft:leather":30,"minecraft:brown_wool":2,"minecraft:brown_mushroom":1,"minecraft:potato":11,"minecraft:flint":4,"minecraft:oak_log":19,"minecraft:cobblestone_stairs":3,"minecraft:dirt":15,"minecraft:apple":5,"minecraft:beetroot":4,"minecraft:iron_ingot":8,"minecraft:beef":58,"minecraft:poppy":2,"minecraft:chest":2,"minecraft:oak_planks":11,"minecraft:furnace":2,"minecraft:stick":6,"minecraft:dandelion":18,"minecraft:fire_charge":1,"minecraft:porkchop":12,"minecraft:white_bed":1,"minecraft:rotten_flesh":1,"minecraft:slime_ball":24,"minecraft:bread":4,"minecraft:oak_sapling":26,"minecraft:obsidian":9,"minecraft:mutton":19,"minecraft:white_wool":13,"minecraft:cobblestone":10,"minecraft:oxeye_daisy":2}},"DataVersion":3465}