{"stats":{"minecraft:custom":{"minecraft:jump":82,"minecraft:time_since_rest":1762,"minecraft:leave_game":1,"minecraft:crouch_one_cm":101,"minecraft:walk_on_water_one_cm":58,"minecraft:sprint_one_cm":6580,"minecraft:play_time":1762,"minecraft:damage_taken":30,"minecraft:time_since_death":1762,"minecraft:walk_one_cm":1563,"minecraft:sneak_time":26,"minecraft:total_world_time":1762,"minecraft:walk_under_water_one_cm":415,"minecraft:swim_one_cm":5751,"minecraft:fall_one_cm":3212,"minecraft:fly_one_cm":19331}},"DataVersion":3465}