{"stats":{"minecraft:killed_by":{"minecraft:skeleton":3,"minecraft:zombie":2},"minecraft:broken":{"minecraft:wooden_pickaxe":2,"minecraft:stone_pickaxe":2},"minecraft:used":{"minecraft:stone_sword":51,"minecraft:chest":3,"minecraft:shield":32,"minecraft:wooden_shovel":56,"minecraft:stone_hoe":26,"minecraft:oak_door":2,"minecraft:torch":52,"minecraft:dirt":4,"minecraft:wooden_axe":10,"minecraft:oak_sapling":2,"minecraft:furnace":2,"minecraft:gray_bed":2,"minecraft:cobbled_deepslate":20,"minecraft:water_bucket":1,"minecraft:amethyst_block":1,"minecraft:stone_pickaxe":291,"minecraft:oak_planks":1,"minecraft:wooden_pickaxe":132,"minecraft:deepslate_bricks":1,"minecraft:golden_apple":1,"minecraft:glow_berries":102,"minecraft:rail":1,"minecraft:terracotta":1,"minecraft:crafting_table":5,"minecraft:bread":7,"minecraft:iron_pickaxe":198,"minecraft:gravel":2,"minecraft:stone_axe":53,"minecraft:cobblestone":27,"minecraft:bucket":2},"minecraft:mined":{"minecraft:tuff":14,"minecraft:mossy_cobblestone":1,"minecraft:deepslate_diamond_ore":14,"minecraft:oak_door":2,"minecraft:sculk_vein":2,"minecraft:cave_vines_plant":22,"minecraft:deepslate_bricks":2,"minecraft:moss_block":14,"minecraft:spawner":1,"minecraft:furnace":1,"minecraft:polished_basalt":1,"minecraft:iron_ore":25,"minecraft:cobbled_deepslate":1,"minecraft:andesite":5,"minecraft:moss_carpet":1,"minecraft:deepslate_lapis_ore":6,"minecraft:sculk_shrieker":8,"minecraft:cave_vines":25,"minecraft:deepslate_iron_ore":50,"minecraft:rail":2,"minecraft:azalea":1,"minecraft:stone":150,"minecraft:deepslate_redstone_ore":1,"minecraft:crafting_table":2,"minecraft:clay":43,"minecraft:torch":3,"minecraft:calcite":4,"minecraft:dead_bush":3,"minecraft:chest":3,"minecraft:sculk_sensor":7,"minecraft:tall_grass":2,"minecraft:deepslate_gold_ore":1,"minecraft:oak_planks":12,"minecraft:sculk":7,"minecraft:amethyst_block":7,"minecraft:gray_wool":3,"minecraft:grass":3,"minecraft:coal_ore":16,"minecraft:oak_log":10,"minecraft:gravel":8,"minecraft:dirt":19,"minecraft:gray_carpet":7,"minecraft:cobweb":5,"minecraft:gold_ore":6,"minecraft:oak_leaves":9,"minecraft:deepslate":258},"minecraft:crafted":{"minecraft:oak_door":3,"minecraft:oak_planks":40,"minecraft:furnace":1,"minecraft:iron_boots":1,"minecraft:stone_pickaxe":4,"minecraft:chest":2,"minecraft:stone_hoe":1,"minecraft:gray_bed":2,"minecraft:golden_boots":1,"minecraft:wooden_shovel":1,"minecraft:crafting_table":3,"minecraft:wooden_pickaxe":1,"minecraft:iron_helmet":1,"minecraft:stone_axe":1,"minecraft:iron_chestplate":1,"minecraft:white_wool":2,"minecraft:shield":1,"minecraft:stick":24,"minecraft:iron_pickaxe":1,"minecraft:iron_ingot":28,"minecraft:wooden_axe":1,"minecraft:stone_sword":1,"minecraft:gold_ingot":6,"minecraft:iron_leggings":1,"minecraft:torch":8},"minecraft:custom":{"minecraft:mob_kills":22,"minecraft:interact_with_crafting_table":33,"minecraft:leave_game":5,"minecraft:time_since_death":102992,"minecraft:climb_one_cm":1114,"minecraft:sprint_one_cm":283502,"minecraft:walk_one_cm":420026,"minecraft:damage_blocked_by_shield":1845,"minecraft:drop":28,"minecraft:play_time":121680,"minecraft:deaths":8,"minecraft:sneak_time":13636,"minecraft:walk_under_water_one_cm":7974,"minecraft:jump":1611,"minecraft:walk_on_water_one_cm":14264,"minecraft:total_world_time":121680,"minecraft:interact_with_furnace":19,"minecraft:time_since_rest":103022,"minecraft:damage_taken":3024,"minecraft:damage_absorbed":40,"minecraft:damage_dealt":4539,"minecraft:fly_one_cm":180507,"minecraft:swim_one_cm":45098,"minecraft:open_chest":16,"minecraft:crouch_one_cm":57849,"minecraft:fall_one_cm":34008},"minecraft:picked_up":{"minecraft:wooden_axe":3,"minecraft:crafting_table":2,"minecraft:clay_ball":132,"minecraft:wooden_pickaxe":3,"minecraft:shield":1,"minecraft:amethyst_block":11,"minecraft:string":3,"minecraft:moss_carpet":3,"minecraft:cobbled_deepslate":305,"minecraft:azalea":1,"minecraft:wooden_shovel":2,"minecraft:chest":3,"minecraft:furnace":1,"minecraft:raw_iron":78,"minecraft:stick":10,"minecraft:oak_door":1,"minecraft:torch":4,"minecraft:redstone":5,"minecraft:stone_sword":1,"minecraft:arrow":5,"minecraft:rotten_flesh":7,"minecraft:deepslate_bricks":2,"minecraft:glow_berries":48,"minecraft:rail":15,"minecraft:cobblestone":164,"minecraft:andesite":5,"minecraft:tuff":7,"minecraft:oak_log":24,"minecraft:lapis_lazuli":36,"minecraft:dirt":26,"minecraft:orange_terracotta":2,"minecraft:bone":7,"minecraft:gray_carpet":14,"minecraft:wheat_seeds":1,"minecraft:raw_gold":7,"minecraft:stone_pickaxe":2,"minecraft:moss_block":13,"minecraft:oak_planks":40,"minecraft:gravel":8,"minecraft:spider_eye":1,"minecraft:diamond":14,"minecraft:gray_wool":6,"minecraft:terracotta":1,"minecraft:oak_sapling":2,"minecraft:coal":20},"minecraft:dropped":{"minecraft:water_bucket":1,"minecraft:glow_berries":8,"minecraft:rail":7,"minecraft:wooden_axe":1,"minecraft:gray_carpet":7,"minecraft:oak_door":2,"minecraft:stone_sword":1,"minecraft:rotten_flesh":3,"minecraft:clay_ball":4,"minecraft:deepslate_bricks":1,"minecraft:shield":1,"minecraft:orange_terracotta":1,"minecraft:wooden_shovel":1,"minecraft:stone_pickaxe":4},"minecraft:killed":{"minecraft:spider":2,"minecraft:skeleton":5,"minecraft:zombie":13}},"DataVersion":3465}