{"stats":{"minecraft:killed":{"minecraft:sheep":9,"minecraft:zombie":3,"minecraft:pig":1,"minecraft:chicken":3,"minecraft:spider":1,"minecraft:frog":1,"minecraft:slime":29,"minecraft:cow":7},"minecraft:picked_up":{"minecraft:stick":4,"minecraft:crafting_table":2,"minecraft:feather":1,"minecraft:chicken":3,"minecraft:brown_wool":1,"minecraft:andesite":3,"minecraft:leather":7,"minecraft:brown_mushroom":1,"minecraft:porkchop":3,"minecraft:oak_log":14,"minecraft:dirt":14,"minecraft:apple":2,"minecraft:slime_ball":24,"minecraft:beef":13,"minecraft:oak_sapling":9,"minecraft:mutton":13,"minecraft:oak_planks":7,"minecraft:white_wool":8,"minecraft:cobblestone":9,"minecraft:furnace":1},"minecraft:broken":{"minecraft:wooden_axe":1},"minecraft:custom":{"minecraft:time_since_rest":3362,"minecraft:interact_with_furnace":17,"minecraft:sprint_one_cm":104306,"minecraft:damage_taken":505,"minecraft:walk_one_cm":48515,"minecraft:mob_kills":54,"minecraft:damage_dealt":3341,"minecraft:interact_with_crafting_table":9,"minecraft:swim_one_cm":28903,"minecraft:fly_one_cm":173001,"minecraft:open_chest":4,"minecraft:crouch_one_cm":9,"minecraft:play_time":26035,"minecraft:deaths":1,"minecraft:sneak_time":47,"minecraft:walk_under_water_one_cm":1570,"minecraft:jump":687,"minecraft:leave_game":3,"minecraft:walk_on_water_one_cm":12663,"minecraft:time_since_death":24179,"minecraft:sleep_in_bed":1,"minecraft:climb_one_cm":2625,"minecraft:total_world_time":26035,"minecraft:fall_one_cm":19542},"minecraft:mined":{"minecraft:brown_mushroom":1,"minecraft:furnace":1,"minecraft:fire":1,"minecraft:andesite":3,"minecraft:crafting_table":2,"minecraft:grass":5,"minecraft:grass_block":4,"minecraft:oak_log":14,"minecraft:dirt":10,"minecraft:stone":9,"minecraft:oak_leaves":2},"minecraft:used":{"minecraft:cooked_mutton":5,"minecraft:wooden_axe":64,"minecraft:wooden_pickaxe":16,"minecraft:wooden_shovel":12,"minecraft:mutton":2,"minecraft:crafting_table":2,"minecraft:furnace":1},"minecraft:crafted":{"minecraft:oak_planks":32,"minecraft:wooden_shovel":1,"minecraft:charcoal":6,"minecraft:crafting_table":1,"minecraft:stick":8,"minecraft:wooden_pickaxe":1,"minecraft:wooden_axe":2,"minecraft:furnace":1,"minecraft:white_bed":1,"minecraft:cooked_mutton":7}},"DataVersion":3465}